raw_name,age_raw,age,vintage,no_age_statement,abv,historical_menu_price,is_cask_strength,general_note,page_number,source_file,source_type,source_confidence,raw_line,best_match,match_score,review_reason,db_age,db_abv,record_id,typo_candidate,suggested_correction,matched_whisky_id,matched_master_name,match_status
Allt-a-bhainne,16yo/1995,16.0,1995.0,False,43,8,False,,2,The_Malt_List.pdf,historical_bar_menu,medium,Allt-a-bhainne,Alte Brennerei,14,No close match found,,,,,,W001407,lot 40,REJECTED
Ancestral,14yo,14.0,,False,40,7,False,,2,The_Malt_List.pdf,historical_bar_menu,medium,Ancestral,Alt Enderle,14,No close match found,,,,,,W001407,lot 40,REJECTED
Ardbeg,10yo,10.0,,False,46,6,False,"The Ardbeg 10 is extremely peaty, smoky and complex. This whisky is non-chill filtered and comes in at 46%abv. A powerful Islay malt.’ MK",2,The_Malt_List.pdf,historical_bar_menu,medium,Ardbeg,Ardbeg 21yo,14,No close match found,,,,,,W001407,lot 40,REJECTED
Ardbeg Uigeadail,,,,False,51.2,8,False,,2,The_Malt_List.pdf,historical_bar_menu,medium,Ardbeg Uigeadail,Ardbeg Uigeadail,14,ABV mismatch or missing,,,WDB-01095,,,W001407,lot 40,REJECTED
Arran,10yo,10.0,,False,46,6,False,,2,The_Malt_List.pdf,historical_bar_menu,medium,Arran,Glan Iarran,14,No close match found,,,,,,W001407,lot 40,REJECTED
Auchentoshan,12yo,12.0,,False,40,6,False,Classic lowland distillery just outside Glasgow. The only triple distilled malt. Creates a smooth and delicate malt.’ MK,2,The_Malt_List.pdf,historical_bar_menu,medium,Auchentoshan,Auchentoshan 12Y,14,Fuzzy match threshold,12.0,,WDB-00018,,,W001407,lot 40,REJECTED
Auchentoshan,18yo,18.0,,False,58.1,9,False,,2,The_Malt_List.pdf,historical_bar_menu,medium,Auchentoshan,Auchentoshan 12Y,14,Fuzzy match threshold,12.0,,WDB-00018,,,W001407,lot 40,REJECTED
Auchentoshan,3wood,,,False,43,8,False,,2,The_Malt_List.pdf,historical_bar_menu,medium,Auchentoshan,Auchentoshan 12Y,14,ABV mismatch or missing,12.0,,WDB-00018,,,W001407,lot 40,REJECTED
Auchroisk,10yo,10.0,,False,43,9,False,,2,The_Malt_List.pdf,historical_bar_menu,medium,Auchroisk,Auchroisk 10yo (F&F),14,No close match found,,,,,,W001407,lot 40,REJECTED
Auchriosk,10yo/1989,10.0,1989.0,False,60.8,11,True,,2,The_Malt_List.pdf,historical_bar_menu,medium,Auchriosk,Auchroisk 10yo (F&F),14,No close match found,,,,,,W001407,lot 40,REJECTED
Aultmore,12yo,12.0,,False,43,8,False,,2,The_Malt_List.pdf,historical_bar_menu,medium,Aultmore,Altore,14,Fuzzy match threshold,,,WDB-01865,,,W001407,lot 40,REJECTED
Ardmore,1997,,1997.0,False,40,9,False,,2,The_Malt_List.pdf,historical_bar_menu,medium,Ardmore,Ardmore Legacy,14,No close match found,,,,,,W001407,lot 40,REJECTED
As we get it,8yo,8.0,,False,58,7,True,,2,The_Malt_List.pdf,historical_bar_menu,medium,As we get it,Matsui The Peated,14,No close match found,,,,,,W001407,lot 40,REJECTED
Balblair,1997,,1997.0,False,46,9,False,,2,The_Malt_List.pdf,historical_bar_menu,medium,Balblair,Balblair 1989,14,No close match found,,,,,,W001407,lot 40,REJECTED
Balmenach,15yo/1981,15.0,1981.0,False,61.9,9,True,,2,The_Malt_List.pdf,historical_bar_menu,medium,Balmenach,Bolanachi,14,No close match found,,,,,,W001407,lot 40,REJECTED
Balvenie D’Wood,12yo,12.0,,False,40,6,False,,2,The_Malt_List.pdf,historical_bar_menu,medium,Balvenie D’Wood,Balvenie 21yo Port Wood,14,No close match found,,,,,,W001407,lot 40,REJECTED
Balvenie Signature,12yo,12.0,,False,40,6,False,,3,The_Malt_List.pdf,historical_bar_menu,medium,Balvenie Signature,Jameson Signature Reserve,14,No close match found,,,,,,W001407,lot 40,REJECTED
Balvenie,17yo,17.0,,False,43,10,False,,3,The_Malt_List.pdf,historical_bar_menu,medium,Balvenie,Brenne,14,No close match found,,,,,,W001407,lot 40,REJECTED
Banff,1976,,1976.0,False,43,11,False,,3,The_Malt_List.pdf,historical_bar_menu,medium,Banff,Branger,14,No close match found,,,,,,W001407,lot 40,REJECTED
Bennachie,10yo,10.0,,False,40,7,False,,3,The_Malt_List.pdf,historical_bar_menu,medium,Bennachie,Bolanachi,14,No close match found,,,,,,W001407,lot 40,REJECTED
Bennachie,17yo,17.0,,False,40,8,False,,3,The_Malt_List.pdf,historical_bar_menu,medium,Bennachie,Bolanachi,14,No close match found,,,,,,W001407,lot 40,REJECTED
Ben Nevis,10yo,10.0,,False,46,10,False,,3,The_Malt_List.pdf,historical_bar_menu,medium,Ben Nevis,Brenne,14,No close match found,,,,,,W001407,lot 40,REJECTED
Benrinnes,15yo,15.0,,False,43,8,False,,3,The_Malt_List.pdf,historical_bar_menu,medium,Benrinnes,Benrinnes 15yo F&F,14,No close match found,,,,,,W001407,lot 40,REJECTED
Benromach,10yo,10.0,,False,43,6,False,,3,The_Malt_List.pdf,historical_bar_menu,medium,Benromach,Benromach 5yo,14,Fuzzy match threshold,5.0,,WDB-00708,,,W001407,lot 40,REJECTED
Benromach Organic,,,,False,43,6,False,The world’s first completely organic single malt whisky from the Benromach Distillery in Speyside. Sweet with a little bit of peppery spice.’ MK,3,The_Malt_List.pdf,historical_bar_menu,medium,Benromach Organic,Benromach Organic,14,ABV mismatch or missing,,,WDB-00567,,,W001407,lot 40,REJECTED
Bladnoch,18yo,18.0,,False,43,9,False,,3,The_Malt_List.pdf,historical_bar_menu,medium,Bladnoch,Bolanachi,14,No close match found,,,,,,W001407,lot 40,REJECTED
Bladnoch,1993,,1993.0,False,46,9,False,Blair Atholl (Pitlochry) 12yo 43% 7. Blair Atholl 1997 43% 9. Blairmhor 8yo 40% 7. Bowmore 12yo 40% ‘Not the most intense Islay malt in terms of peatiness. One of the last to produce its own floor malted barley turned by hand. The 12yo gives you gentle peat smoke with a long and mellow finish.’ MK,3,The_Malt_List.pdf,historical_bar_menu,medium,Bladnoch,Bolanachi,14,No close match found,,,,,,W001407,lot 40,REJECTED
Bowmore,15yo,15.0,,False,43,7,False,,3,The_Malt_List.pdf,historical_bar_menu,medium,Bowmore,Bowmore 12Y,14,No close match found,,,,,,W001407,lot 40,REJECTED
Bowmore,18yo,18.0,,False,43,12,False,,3,The_Malt_List.pdf,historical_bar_menu,medium,Bowmore,Bowmore 12Y,14,No close match found,,,,,,W001407,lot 40,REJECTED
Bowmore Surf,,,,False,40,6,False,Braes of Glenlivet (CS) 10yo 61.7% 12.,3,The_Malt_List.pdf,historical_bar_menu,medium,Bowmore Surf,Bowmore Gold Reef,14,No close match found,,,,,,W001407,lot 40,REJECTED
Brora,1982,,1982.0,False,43,10,False,,4,The_Malt_List.pdf,historical_bar_menu,medium,Brora,Broger,14,No close match found,,,,,,W001407,lot 40,REJECTED
Bruichladdich,10yo,10.0,,False,46,6,False,Progressive Hebridean Distillers is their moto and they are one of the most exciting and creative distillers at the moment. This 10yr is light and slightly peaty.’ MK,4,The_Malt_List.pdf,historical_bar_menu,medium,Bruichladdich,Bruichladdich Rocks,14,Fuzzy match threshold,,,WDB-00346,,,W001407,lot 40,REJECTED
Bruichladdich Rocks,,,,False,46,6,False,,4,The_Malt_List.pdf,historical_bar_menu,medium,Bruichladdich Rocks,Bruichladdich Rocks,14,ABV mismatch or missing,,,WDB-00346,,,W001407,lot 40,REJECTED
Bruichladdich Octomore 06.1,,,,False,no statement 57,11,False,Bruichladdich Scottish Barely no statement 50% 9. Bunnahabhain 12yo 40% 7. Bushmills (Irish) 10yo 40% Cambus (grain) 31yo 53.2% 8. Caol Ila 10yo/1999 43% 9. Caol Ila 12yo 43% 7. ‘Lighter than some other Islay malts. Spicy with vanilla hints.’ MK,4,The_Malt_List.pdf,historical_bar_menu,medium,Bruichladdich Octomore 06.1,Bruichladdich Octomore 10.2,14,ABV mismatch or missing,,,WDB-01129,,,W001407,lot 40,REJECTED
Caol Ila,1998,,1998.0,False,43,8,False,,4,The_Malt_List.pdf,historical_bar_menu,medium,Caol Ila,Caol Ila 35yo,14,No close match found,,,,,,W001407,lot 40,REJECTED
Cameron Brig (grain),,,,False,40,6,False,,4,The_Malt_List.pdf,historical_bar_menu,medium,Cameron Brig (grain),Ivy Mountain,14,No close match found,,,,,,W001407,lot 40,REJECTED
Caperdonich,1994,,1994.0,False,46,8,False,,4,The_Malt_List.pdf,historical_bar_menu,medium,Caperdonich,Lobangernich,14,No close match found,,,,,,W001407,lot 40,REJECTED
Cardhu,12yo,12.0,,False,40,12,False,,4,The_Malt_List.pdf,historical_bar_menu,medium,Cardhu,Cardhu 12yo,14,No close match found,,,,,,W001407,lot 40,REJECTED
Cardhu,12yo,12.0,,False,46,17,False,,4,The_Malt_List.pdf,historical_bar_menu,medium,Cardhu,Cardhu 12yo,14,No close match found,,,,,,W001407,lot 40,REJECTED
Clynliesh,14yo,14.0,,False,46,7,False,,4,The_Malt_List.pdf,historical_bar_menu,medium,Clynliesh,Clynelish 14yo,14,No close match found,,,,True,Clynelish,W001407,lot 40,REJECTED
Coleburn,1981,,1981.0,False,43,11,False,,4,The_Malt_List.pdf,historical_bar_menu,medium,Coleburn,Limeburners,14,No close match found,,,,,,W001407,lot 40,REJECTED
Convalmore,1981,,1981.0,False,40,10,False,,4,The_Malt_List.pdf,historical_bar_menu,medium,Convalmore,Dalmore 18yo,14,No close match found,,,,,,W001407,lot 40,REJECTED
Cragganmore,12yo,12.0,,False,40,6,False,,4,The_Malt_List.pdf,historical_bar_menu,medium,Cragganmore,Cragganmore 25yo,14,Fuzzy match threshold,25.0,,WDB-00423,,,W001407,lot 40,REJECTED
Cragganmore,1981,,1981.0,False,40,7,False,"Cragganmore Distillers Ed. 1987 40% 7. Craigellachie 20yo/1981 43% 7. CU Dhub 40% 7. Dailuaine 16yo 40% 8. Dalmore 12yo 40% ‘One of my personal favourites. The 10yo has a lovely mix of sherry notes with chocolate and orange flavours. I have had the pleasure of meeting the man who makes the vattings and blendings for the Dalmore, Mr Richard Patterson. One of the most charismatic men in the industry.’ MK",5,The_Malt_List.pdf,historical_bar_menu,medium,Cragganmore,Cragganmore 25yo,14,Fuzzy match threshold,25.0,,WDB-00423,,,W001407,lot 40,REJECTED
Dalmore,15yo,15.0,,False,40,7,False,,5,The_Malt_List.pdf,historical_bar_menu,medium,Dalmore,Altore,14,No close match found,,,,,,W001407,lot 40,REJECTED
Dalmore,18yo,18.0,,False,43,9,False,,5,The_Malt_List.pdf,historical_bar_menu,medium,Dalmore,Altore,14,No close match found,,,,,,W001407,lot 40,REJECTED
Dalmore Cigar Malt,no statement,,,True,44,6,False,,5,The_Malt_List.pdf,historical_bar_menu,medium,Dalmore Cigar Malt,Dalmore Cigar Malt,14,ABV mismatch or missing,,,WDB-00337,,,W001407,lot 40,REJECTED
Dallas Dhu last cask,1983,,1983.0,False,48,50,False,A bottle filled from the last cask ever filled at the Dallas Dhu distillery in Forres. Closed in 1983 and reopened in 1988 but only as a historic building. A very special malt from a dearly departed distillery.’ MK,5,The_Malt_List.pdf,historical_bar_menu,medium,Dallas Dhu last cask,Kavalan Solist Rum Cask,14,No close match found,,,,,,W001407,lot 40,REJECTED
Dalwhinnie,15yo,15.0,,False,43,6,False,Dalwhinnie Distillers Ed. 1996 43% 7. Dufftown 1998 43% 8. Dunaverty (Campbelltown) 5yo 43% 25. Dunaverty (Campbelltown) 8yo 43% 35. Drumguish 40% 8. Edradour (Pitlochry) 10yo 40% 6. ‘The smallest distillery in Scotland located in Pitlochry currently independently owned. Spicy and fruity on the palate.’ MK,5,The_Malt_List.pdf,historical_bar_menu,medium,Dalwhinnie,Dalwhinnie 15yo,14,No close match found,,,,,,W001407,lot 40,REJECTED
Edradour (Pitlochry),10yo/1998,10.0,1998.0,False,46,9,False,,5,The_Malt_List.pdf,historical_bar_menu,medium,Edradour (Pitlochry),Brauerei Locher,14,No close match found,,,,,,W001407,lot 40,REJECTED
Faculty of Advocates,8yo,8.0,,False,40,7,False,,5,The_Malt_List.pdf,historical_bar_menu,medium,Faculty of Advocates,Gutshof Andres,14,No close match found,,,,,,W001407,lot 40,REJECTED
Finlaggan,no statement,,,True,40,8,False,,6,The_Malt_List.pdf,historical_bar_menu,medium,Finlaggan,Finlaggan Old Reserve,14,No close match found,,,,,,W001407,lot 40,REJECTED
Glen Albyn,21yo,21.0,,False,40,40,False,,6,The_Malt_List.pdf,historical_bar_menu,medium,Glen Albyn,Glen Els,14,No close match found,,,,,,W001407,lot 40,REJECTED
Glen Avon,8yo,8.0,,False,40,7,False,,6,The_Malt_List.pdf,historical_bar_menu,medium,Glen Avon,Glen Els,14,No close match found,,,,,,W001407,lot 40,REJECTED
Glenallachie,1989,,1989.0,False,62.5,8,True,,6,The_Malt_List.pdf,historical_bar_menu,medium,Glenallachie,Glen Kella,14,No close match found,,,,,,W001407,lot 40,REJECTED
Glenburgie,15yo,15.0,,False,46,10,False,,6,The_Malt_List.pdf,historical_bar_menu,medium,Glenburgie,Glenmorangie 18yo,14,No close match found,,,,,,W001407,lot 40,REJECTED
Glenburgie,17yo/1995,17.0,1995.0,False,43,8,False,,6,The_Malt_List.pdf,historical_bar_menu,medium,Glenburgie,Glenmorangie 18yo,14,No close match found,,,,,,W001407,lot 40,REJECTED
Glenburgie,8yo,8.0,,False,40,12,False,,6,The_Malt_List.pdf,historical_bar_menu,medium,Glenburgie,Glenmorangie 18yo,14,No close match found,,,,,,W001407,lot 40,REJECTED
Glencadam,1974,,1974.0,False,40,11,False,,6,The_Malt_List.pdf,historical_bar_menu,medium,Glencadam,Glencadam 25yo,14,No close match found,,,,,,W001407,lot 40,REJECTED
Glencoe,8yo,8.0,,False,58,12,False,,6,The_Malt_List.pdf,historical_bar_menu,medium,Glencoe,Glengoyne 12Y,14,No close match found,,,,,,W001407,lot 40,REJECTED
Glencraig,1975,,1975.0,False,40,15,False,,6,The_Malt_List.pdf,historical_bar_menu,medium,Glencraig,Glendalough,14,No close match found,,,,,,W001407,lot 40,REJECTED
Glendronach (Huntly),8yo,8.0,,False,40,20,False,,6,The_Malt_List.pdf,historical_bar_menu,medium,Glendronach (Huntly),GlenDronach Peated,14,No close match found,,,,,,W001407,lot 40,REJECTED
Glen Deveron,10yo,10.0,,False,40,7,False,,6,The_Malt_List.pdf,historical_bar_menu,medium,Glen Deveron,Glen Deveron 10yo (Macduff),14,No close match found,,,,,,W001407,lot 40,REJECTED
Glendullan,12yo,12.0,,False,43,8,False,,6,The_Malt_List.pdf,historical_bar_menu,medium,Glendullan,Glen Kella,14,No close match found,,,,,,W001407,lot 40,REJECTED
Glen Elgin,1995,,1995.0,False,46,9,False,,6,The_Malt_List.pdf,historical_bar_menu,medium,Glen Elgin,Glen Elgin 12yo,14,No close match found,,,,,,W001407,lot 40,REJECTED
Glenesk,1982,,1982.0,False,40,15,False,Glenfarclas belongs to a private family owned company somewhat a rarity in the Speyside region these days. A complex malt that is crisp and dry with sweet sherry notes.’ MK,6,The_Malt_List.pdf,historical_bar_menu,medium,Glenesk,Gölles,14,No close match found,,,,,,W001407,lot 40,REJECTED
Glenfarclas,15yo,15.0,,False,46,7,False,,6,The_Malt_List.pdf,historical_bar_menu,medium,Glenfarclas,Glenfarclas 105,14,Fuzzy match threshold,,,WDB-00199,,,W001407,lot 40,REJECTED
Glenfarclas,21yo,21.0,,False,43,9,False,,6,The_Malt_List.pdf,historical_bar_menu,medium,Glenfarclas,Glenfarclas 105,14,Fuzzy match threshold,,,WDB-00199,,,W001407,lot 40,REJECTED
Glenfarclas 105,no statement,,,True,60,7,True,,6,The_Malt_List.pdf,historical_bar_menu,medium,Glenfarclas 105,Glenfarclas 105,14,ABV mismatch or missing,,,WDB-00199,,,W001407,lot 40,REJECTED
Glen Forres,8yo,8.0,,False,40,6,False,,6,The_Malt_List.pdf,historical_bar_menu,medium,Glen Forres,Glen Els,14,No close match found,,,,,,W001407,lot 40,REJECTED
Glen Forsa,12yo,12.0,,False,43,7,False,,6,The_Malt_List.pdf,historical_bar_menu,medium,Glen Forsa,Glen Els,14,No close match found,,,,,,W001407,lot 40,REJECTED
Glenfiddich,18yo,18.0,,False,40,7,False,,7,The_Malt_List.pdf,historical_bar_menu,medium,Glenfiddich,Glenfiddich 30yo,14,Fuzzy match threshold,30.0,,WDB-00410,,,W001407,lot 40,REJECTED
Glenfiddich rich oak,no statement,,,True,40,7,False,Glenkinchie distillers ed. 1996 43% 7. Glenlivet 12yo 40% Glenlivet 15yo 40% 7. Glenlivet 18yo 43% 9. Glenlochy 1977 40% 25. Glenlossie 10yo 40% 6. Glenlossie 1974 43% 15.,7,The_Malt_List.pdf,historical_bar_menu,medium,Glenfiddich rich oak,Glenfiddich 14yo Rich Oak,14,Fuzzy match threshold,14.0,,WDB-00563,,,W001407,lot 40,REJECTED
Glen Mhor,1980,,1980.0,False,43,12,False,,8,The_Malt_List.pdf,historical_bar_menu,medium,Glen Mhor,Glen Moray 16yo,14,No close match found,,,,,,W001407,lot 40,REJECTED
Glen Mhor,25yo,25.0,,False,40,38,False,Glenmorangie  Quinta Ruban 12yo 46% 6. Glenmorangie 18yo 43% 12. Glenmorangie Astar 57.1% 10. Glenmorangie Lasanta 12yo 46% 6. Glen Moray no statement 40% Glen Moray 10yo 40% Glen Moray 12yo 40% Glen Moray 15yo 40% 11. Glen Ord 5yo 40% 17. Glen Ord 12yo 43% 8. Glen Ord 1998/10yo 57.9% 7. Glenrothes 8yo 40% Glenrothes Select Reserve no statement 43% 6. Glen Scotia (Campbeltown) 12yo 40% Glen Spey (CS) 1981/15yo 62.2% 15. Glen Spey 1985 43% 11. Glentauchers 1979 40% 10. Glentauchers 1991 43% 9. Glentrommie 12yo 40% 8.,8,The_Malt_List.pdf,historical_bar_menu,medium,Glen Mhor,Glen Moray 16yo,14,No close match found,,,,,,W001407,lot 40,REJECTED
Glentrommie,17yo,17.0,,False,40,9,False,,9,The_Malt_List.pdf,historical_bar_menu,medium,Glentrommie,Glenrothes 25yo,14,No close match found,,,,,,W001407,lot 40,REJECTED
Glenturret,1992/15yo,15.0,1992.0,False,43,9,False,,9,The_Malt_List.pdf,historical_bar_menu,medium,Glenturret,Glenturret 10yo,14,No close match found,,,,,,W001407,lot 40,REJECTED
Hakushu (Japan),12yo,12.0,,False,43.5,8,False,Hazelburn (Campbeltown) 8yo 46% 6. Highland Park (Orkney) 12yo 40% ‘Scotland’s most northerly distillery in Orkney. The 12 yo is a great introduction to malt whisky with a smooth and smoky sweetness to it.’ MK,9,The_Malt_List.pdf,historical_bar_menu,medium,Hakushu (Japan),Hakushu NAS,14,No close match found,,,,,,W001407,lot 40,REJECTED
Highland Park,18yo,18.0,,False,43,9,False,,9,The_Malt_List.pdf,historical_bar_menu,medium,Highland Park,Highland Park 25yo,14,Fuzzy match threshold,25.0,,WDB-00032,,,W001407,lot 40,REJECTED
Highland Park,1991/17yo,17.0,1991.0,False,46,14,False,,9,The_Malt_List.pdf,historical_bar_menu,medium,Highland Park,Highland Park 25yo,14,Fuzzy match threshold,25.0,,WDB-00032,,,W001407,lot 40,REJECTED
Hillside,1971/25yo,25.0,1971.0,False,60.1,60,True,The most expensive dram currently served in the Canny Man’s. The distillery located near Montrose was closed permenantly in 1985 making bottles of Hillside extremely rare.’ MK,9,The_Malt_List.pdf,historical_bar_menu,medium,Hillside,Willie's,14,No close match found,,,,,,W001407,lot 40,REJECTED
Imperial,1979,,1979.0,False,40,15,False,,9,The_Malt_List.pdf,historical_bar_menu,medium,Imperial,Amrut Herald,14,No close match found,,,,,,W001407,lot 40,REJECTED
Inchgower,1993,,1993.0,False,43,7,False,,9,The_Malt_List.pdf,historical_bar_menu,medium,Inchgower,Inchgower 14yo (F&F),14,No close match found,,,,,,W001407,lot 40,REJECTED
Invergordon,10yo,10.0,,False,40,8,False,,9,The_Malt_List.pdf,historical_bar_menu,medium,Invergordon,Golden Distillery,14,No close match found,,,,,,W001407,lot 40,REJECTED
Inverleven,1991,,1991.0,False,40,8,False,,9,The_Malt_List.pdf,historical_bar_menu,medium,Inverleven,Glenlivet Cipher,14,No close match found,,,,,,W001407,lot 40,REJECTED
Jura,16yo,16.0,,False,40,7,False,,9,The_Malt_List.pdf,historical_bar_menu,medium,Jura,Jura 21yo,14,No close match found,,,,,,W001407,lot 40,REJECTED
Jura Superstition,no statement,,,True,43,6,False,,9,The_Malt_List.pdf,historical_bar_menu,medium,Jura Superstition,Jura Superstition,14,ABV mismatch or missing,,,WDB-01074,,,W001407,lot 40,REJECTED
Jonnie Walker,15yo,15.0,,False,43,8,False,,9,The_Malt_List.pdf,historical_bar_menu,medium,Jonnie Walker,Johnnie Walker Red Label,14,No close match found,,,,True,Johnnie Walker,W001407,lot 40,REJECTED
Knockando,12yo,12.0,,False,43,6,False,,9,The_Malt_List.pdf,historical_bar_menu,medium,Knockando,Knockando 12yo (All Vintages),14,No close match found,,,,,,W001407,lot 40,REJECTED
Kilochman,no statement,,,True,43,7,False,Laphroig Quarter Cask 48% Laphroig 3 wood 48% 6. Ledaig (Isle of Mull) 10yo 40% Ledaig 1990 40% 8. Ledaig 1993/17yo 43% 8. Leinburn 12yo 43% 6. Linkwood 15yo 43% 8. Linkwood 18yo 46% 15. Littlemill 8yo 40% 20. Lochindaal 10yo 43% 7. Loch Ness no statement 40% 8. Lochside 1981 40% 20. Lochside 1991 43% 8. Longmorn 12yo 43% 8. Longmorn Glenlivet 10yo 40% 15. Longmorn Glenlivet 12yo 45% 35. Longrow (Campeltown) 1993/10yo 46% 10. Macallan Fine Oak 10yo 40% 6.,10,The_Malt_List.pdf,historical_bar_menu,medium,Kilochman,Kilchoman Sanaig,14,No close match found,,,,True,Kilchoman,W001407,lot 40,REJECTED
Macallan Amber,,,,False,40,6,False,,11,The_Malt_List.pdf,historical_bar_menu,medium,Macallan Amber,Macallan Amber,14,ABV mismatch or missing,,,WDB-00634,,,W001407,lot 40,REJECTED
Macallan Gold,no statement,,,True,40,6,False,,11,The_Malt_List.pdf,historical_bar_menu,medium,Macallan Gold,Macallan Gold,14,ABV mismatch or missing,,,WDB-00863,,,W001407,lot 40,REJECTED
Macallan,10yo,10.0,,False,57,15,False,,11,The_Malt_List.pdf,historical_bar_menu,medium,Macallan,Macallan Ruby,14,No close match found,,,,,,W001407,lot 40,REJECTED
Macallan 1861 replica,,,,False,42.7,20,False,An edition that tried to recapture 19th century bottles that were opened at Macallan.’MK,11,The_Malt_List.pdf,historical_bar_menu,medium,Macallan 1861 replica,Macallan Reflexion,14,No close match found,,,,,,W001407,lot 40,REJECTED
MacPhail,10yo,10.0,,False,40,7,False,,11,The_Malt_List.pdf,historical_bar_menu,medium,MacPhail,Acha,14,No close match found,,,,,,W001407,lot 40,REJECTED
Macduff,14yo,14.0,,False,57.8,9,True,,11,The_Malt_List.pdf,historical_bar_menu,medium,Macduff,Macardo,14,No close match found,,,,,,W001407,lot 40,REJECTED
Mannochmore,12yo,12.0,,False,43,7,False,,11,The_Malt_List.pdf,historical_bar_menu,medium,Mannochmore,Mannochmore 12yo (F&F),14,No close match found,,,,,,W001407,lot 40,REJECTED
Millburn,1976,,1976.0,False,46,20,False,,11,The_Malt_List.pdf,historical_bar_menu,medium,Millburn,Willowbank,14,No close match found,,,,,,W001407,lot 40,REJECTED
Millburn,25yo,25.0,,False,55.9,25,False,,11,The_Malt_List.pdf,historical_bar_menu,medium,Millburn,Willowbank,14,No close match found,,,,,,W001407,lot 40,REJECTED
Miltonduff,12yo,12.0,,False,43,8,False,,11,The_Malt_List.pdf,historical_bar_menu,medium,Miltonduff,Miltonduff 10yo (F&F),14,No close match found,,,,,,W001407,lot 40,REJECTED
Mortlach,1999/13yo,13.0,1999.0,False,43,7,False,,11,The_Malt_List.pdf,historical_bar_menu,medium,Mortlach,Mortlach 16yo,14,No close match found,,,,,,W001407,lot 40,REJECTED
Mortlach,21yo,21.0,,False,43,10,False,,11,The_Malt_List.pdf,historical_bar_menu,medium,Mortlach,Mortlach 16yo,14,No close match found,,,,,,W001407,lot 40,REJECTED
Mortlach,16yo,16.0,,False,43,8,False,,11,The_Malt_List.pdf,historical_bar_menu,medium,Mortlach,Mortlach 16yo,14,No close match found,,,,,,W001407,lot 40,REJECTED
Mortlach,1990/17yo,17.0,1990.0,False,46,9,False,,11,The_Malt_List.pdf,historical_bar_menu,medium,Mortlach,Mortlach 16yo,14,No close match found,,,,,,W001407,lot 40,REJECTED
North Port,1979/20yo,20.0,1979.0,False,61.2,20,True,,11,The_Malt_List.pdf,historical_bar_menu,medium,North Port,Amrut Portonova,14,No close match found,,,,,,W001407,lot 40,REJECTED
Oban,14yo,14.0,,False,43,6,False,,11,The_Malt_List.pdf,historical_bar_menu,medium,Oban,Oban 21yo,14,No close match found,,,,,,W001407,lot 40,REJECTED
Oban distillers ed.,1995,,1995.0,False,43,7,False,,11,The_Malt_List.pdf,historical_bar_menu,medium,Oban distillers ed.,Piedmont Distillers,14,Fuzzy match threshold,,,WDB-02606,,,W001407,lot 40,REJECTED
Old Fettercairn,10yo,10.0,,False,40,9,False,,11,The_Malt_List.pdf,historical_bar_menu,medium,Old Fettercairn,Fettercairn Fior,14,Fuzzy match threshold,,,WDB-01065,,,W001407,lot 40,REJECTED
Old Rhosdhu,5yo,5.0,,False,40,6,False,,11,The_Malt_List.pdf,historical_bar_menu,medium,Old Rhosdhu,Old Overholt,14,No close match found,,,,,,W001407,lot 40,REJECTED
Old Pulteney,8yo,8.0,,False,40,6,False,The northern most distillery on the mainland located on the coast in Wick. Its light and fresh taste make it ideal for a aperitif. Its location on the coast gives a salty aftertaste.’MK,11,The_Malt_List.pdf,historical_bar_menu,medium,Old Pulteney,Old Pulteney 25yo,14,Fuzzy match threshold,25.0,,WDB-00431,,,W001407,lot 40,REJECTED
Old Pulteney,12yo,12.0,,False,40,6,False,,11,The_Malt_List.pdf,historical_bar_menu,medium,Old Pulteney,Old Pulteney 25yo,14,Fuzzy match threshold,25.0,,WDB-00431,,,W001407,lot 40,REJECTED
Penderyn (Welsh),no statement,,,True,46,10,False,,12,The_Malt_List.pdf,historical_bar_menu,medium,Penderyn (Welsh),Penderyn,14,No close match found,,,,,,W001407,lot 40,REJECTED
Pittyvaich,12yo,12.0,,False,43,8,False,,12,The_Malt_List.pdf,historical_bar_menu,medium,Pittyvaich,Dietrich,14,No close match found,,,,,,W001407,lot 40,REJECTED
Pittyvaich,1993,,1993.0,False,43,10,False,,12,The_Malt_List.pdf,historical_bar_menu,medium,Pittyvaich,Dietrich,14,No close match found,,,,,,W001407,lot 40,REJECTED
Pittyvaich,1985,,1985.0,False,57.3,10,True,,12,The_Malt_List.pdf,historical_bar_menu,medium,Pittyvaich,Dietrich,14,No close match found,,,,,,W001407,lot 40,REJECTED
Poit Dhubh,21yo,21.0,,False,43,10,False,,12,The_Malt_List.pdf,historical_bar_menu,medium,Poit Dhubh,Ballast Point,14,No close match found,,,,,,W001407,lot 40,REJECTED
Pride of Orkney,12yo,12.0,,False,40,7,False,,12,The_Malt_List.pdf,historical_bar_menu,medium,Pride of Orkney,Bowmore Springtide,14,No close match found,,,,,,W001407,lot 40,REJECTED
Pride of Strathspey,12yo,12.0,,False,40,7,False,,12,The_Malt_List.pdf,historical_bar_menu,medium,Pride of Strathspey,The Splinter Group Spirits,14,No close match found,,,,,,W001407,lot 40,REJECTED
Royal Brackla,1994/6yo,6.0,1994.0,False,43,10,False,,12,The_Malt_List.pdf,historical_bar_menu,medium,Royal Brackla,Royal Brackla 21yo,14,Fuzzy match threshold,21.0,,WDB-00170,,,W001407,lot 40,REJECTED
Royal Brackla,18yo,18.0,,False,43,12,False,,12,The_Malt_List.pdf,historical_bar_menu,medium,Royal Brackla,Royal Brackla 21yo,14,Fuzzy match threshold,21.0,,WDB-00170,,,W001407,lot 40,REJECTED
Royal Lochnagar,12yo,12.0,,False,40,6,False,,12,The_Malt_List.pdf,historical_bar_menu,medium,Royal Lochnagar,Royal Lochnagar 12yo,14,Fuzzy match threshold,12.0,,WDB-00399,,,W001407,lot 40,REJECTED
Rosebank,1990/20yo,20.0,1990.0,False,43,20,False,,12,The_Malt_List.pdf,historical_bar_menu,medium,Rosebank,Willowbank,14,No close match found,,,,,,W001407,lot 40,REJECTED
St Magdalene,1979/19yo,19.0,1979.0,False,63.8,39,False,"A now silient distillery in Linlithgow that ceased production in 1983.An excellent malt, picking up a stack of 90+ scores from the Malt Maniacs.’MK",12,The_Malt_List.pdf,historical_bar_menu,medium,St Magdalene,Canadian Mist,14,No close match found,,,,,,W001407,lot 40,REJECTED
Scapa (Orkney),16yo,16.0,,False,40,7,False,,12,The_Malt_List.pdf,historical_bar_menu,medium,Scapa (Orkney),Scapa 16yo,14,No close match found,,,,,,W001407,lot 40,REJECTED
Scapa,1993/15yo,15.0,1993.0,False,57.1,9,True,,12,The_Malt_List.pdf,historical_bar_menu,medium,Scapa,Scapa 16yo,14,No close match found,,,,,,W001407,lot 40,REJECTED
Sheep Dip,8yo,8.0,,False,40,9,False,,12,The_Malt_List.pdf,historical_bar_menu,medium,Sheep Dip,Sheep Dip Blended Malt,14,No close match found,,,,,,W001407,lot 40,REJECTED
Singleton,10yo,10.0,,False,40,20,False,,12,The_Malt_List.pdf,historical_bar_menu,medium,Singleton,StilltheOne,14,No close match found,,,,,,W001407,lot 40,REJECTED
Singleton,12yo,12.0,,False,40,6,False,,12,The_Malt_List.pdf,historical_bar_menu,medium,Singleton,StilltheOne,14,No close match found,,,,,,W001407,lot 40,REJECTED
Smokehead,no statement,,,True,43,7,False,Springbank (Campbeltown) 10yo 46% 6. ‘A delicious malt from Campbeltown and one of my firm favourites. The 10 is rich and dry with just a little smoke on the palate.’ MK,12,The_Malt_List.pdf,historical_bar_menu,medium,Smokehead,Iron Smoke,14,No close match found,,,,,,W001407,lot 40,REJECTED
Springbank,15yo,15.0,,False,46,7,False,,13,The_Malt_List.pdf,historical_bar_menu,medium,Springbank,Springbank CV,14,Fuzzy match threshold,,,WDB-01075,,,W001407,lot 40,REJECTED
Springbank,18yo,18.0,,False,46,9,False,Springbank Bourbon Cask (CS) 12yo 58.5% 14. Strathmill 1988/11yo 50% 11. Strathisla 12yo 43% 6. Stronachie 12yo 43% 6. Talisker (Skye) 10yo 45.8% Tamdhu 10yo 40% Tamnavulin 1990 45% 7. Teaninich 10yo 43% 7. Tobermory 10yo 40% 6. Tomatin 10yo 40% Tomatin 15yo 40% 6. Tomatin 1988 43% 6. Tomintoul 12yo 49% 7. Tomintoul Glenlivet (CS) 1985/12yo 64.4% 12. Tormore 15yo 46% 7. Tullibardine 10yo 40% 7. Tyrconnel (Irish) 40% 8. Westmhor (W. Isle) 10yo 40% 9. Yamazaki (Japan) 10yo 40% 6.,13,The_Malt_List.pdf,historical_bar_menu,medium,Springbank,Springbank CV,14,Fuzzy match threshold,,,WDB-01075,,,W001407,lot 40,REJECTED
