api_name,slug,distillery,bottler,country,region,age,abv,type,source_url,reason,triage_status
Nc'Nean Huntress Malted Teacake (2017/2026),,,,,,0,48.5,,,No matching master record,likely_new_product
Dalmore 10 Years (2007/2017) - A.D. Rattray,,,,,,10,55.6,,,No matching master record,likely_new_product
Littlemill (1991/2016) - Gordon & Company,,,,,,25,52.8,,,No matching master record,likely_new_product
Springbank 26 Years (1991/2018) - Berry Bros. & Rudd,,,,,,26,44.9,,,No matching master record,likely_new_product
Bunnahabhain 31 Years (1987/2019) - Wemyss Malts,,,,,,31,44.7,,,No matching master record,likely_new_product
Talisker 24 Years (1953) - Gordon & MacPhail,,,,,,24,43,,,No matching master record,likely_new_product
Brigantia 10 Years (2014/2024) Chardonnay Single Cask Distillery Exclusive,,,,,,10,53.2,,,No matching master record,independent_bottler_or_special_release
Brigantia 5 Years (2018/2023) Cognac Single Cask,,,,,,5,58,,,No matching master record,independent_bottler_or_special_release
St. Kilian Sonderabfüllung ex Apricot Brandy,,,,,,4,50.7,,,No matching master record,likely_new_product
St. Kilian ex Tokaji Aszú Single Cask (2019/2026),,,,,,6,58.8,,,No matching master record,independent_bottler_or_special_release
St. Kilian Signature Edition Seventeen,,,,,,0,54.6,,,No matching master record,likely_new_product
St. Kilian Exceptional Range ex Mugi Shochu – Mild,,,,,,6,55.5,,,No matching master record,likely_new_product
Aberfeldy 25 Year Old (2023) 125th Anniversary,,,,,,25,46,,,No matching master record,likely_new_product
St. Kilian Rich & Smoky (2022),,,,,,0,46,,,No matching master record,likely_new_product
St. Kilian Mild & Fruity (2022),,,,,,0,46,,,No matching master record,likely_new_product
Invergordon 35 Years (1987/2023) - Murray McDavid,,,,,,35,48.1,,,No matching master record,likely_new_product
Benromach 11 Years (2010/2022) Contrasts Peat Smoke,,,,,,11,46,,,No matching master record,likely_new_product
Benromach 12 Years (2012/2024) Contrasts High Enzyme,,,,,,12,46,,,No matching master record,likely_new_product
Benromach 9 Years (2014/2024) Contrasts unpeated,,,,,,9,46,,,No matching master record,likely_new_product
Kavalan Triple Sherry Cask (2021),,,,,,0,40,,,No matching master record,likely_new_product
Black Forest 8 Years (2014/2022) - vom Fass,,,,,,8,41,,,No matching master record,likely_new_product
Falken 5 Years (2022),,,,,,5,43,,,No matching master record,likely_new_product
Elsburn Rivesaltes Casks - Batch No. 001,,,,,,0,46,,,No matching master record,likely_new_product
Tormore 10 Years Blueprint Cream Sherry,,,,,,10,48,,,No matching master record,likely_new_product
Ardbeg 10 Years Cask Strength (2026),,,,,,10,61.7,,,No matching master record,likely_new_product
Thousand Mountains (2018/2022) Ex-Red Wine & Ex-Bourbon in Ex-Moscatel Finish - Genussraum Paderborn,,,,,,4,58,,,No matching master record,likely_new_product
Tormore 10 Years Blueprint Toasted Barrel,,,,,,10,48,,,No matching master record,likely_new_product
Longmorn 19 Years (1996/2015) - Signatory Vintage,,,,,,19,53.9,,,No matching master record,likely_new_product
Glencadam 15 Years (2006/2021),,,,,,15,46,,,No matching master record,likely_new_product
Kavalan Solist Brandy Cask (2014/2021),,,,,,0,57.8,,,No matching master record,likely_new_product
Glenfiddich IPA Experiment (2022),,,,,,0,43,,,No matching master record,likely_new_product
Smokehead 15 Years (2025) - Ian Mcleod,,,,,,15,43,,,No matching master record,likely_new_product
Bunnahabhain 11 Years (2018) - Gordon & MacPhail,,,,,,11,43,,,No matching master record,likely_new_product
Ledaig 17 Years (2006/2024) - Gordon & MacPhail,,,,,,17,56.5,,,No matching master record,likely_new_product
Nc'Nean Aon Amarone (2020/2025),,,,,,0,59.3,,,No matching master record,likely_new_product
Talisker 9 Years (2011/2020) - Hunter Laing,,,,,,9,50,,,No matching master record,likely_new_product
Daftmill 15 Years (2006/2022),,,,,,15,55.7,,,No matching master record,likely_new_product
Tamnavulin 11 Years (2013/2025) - James Eadie,,,,,,11,57.4,,,No matching master record,likely_new_product
Redbreast 21 Years,,,,,,21,46,,,No matching master record,likely_new_product
BenRiach 21 Years,,,,,,21,46,,,No matching master record,likely_new_product
Isle of Jura 30 Years (1994/2024) - Decadent Drinks,,,,,,30,46,,,No matching master record,likely_new_product
Teeling 21 Years - Rising Reserve No. 4 - White Wine Cask,,,,,,21,46,,,No matching master record,likely_new_product
Caol Ila (2011/2023) - Malts of Scotland,,,,,,11,47.5,,,No matching master record,likely_new_product
Mortlach 25 Years (2023) - Gordon & MacPhail,,,,,,25,46,,,No matching master record,likely_new_product
Linkwood 25 Years (2023) - Gordon & MacPhail,,,,,,25,46,,,No matching master record,likely_new_product
BenRiach 25 Years,,,,,,25,46,,,No matching master record,likely_new_product
Glenfarclas 21 Years,,,,,,21,43,,,No matching master record,likely_new_product
St. Kilian Exceptional Range Mizunara (2025) – Soft Peated,,,,,,0,53.4,,,No matching master record,likely_new_product
Glencadam Reserva Andalucia,,,,,,0,46,,,No matching master record,likely_new_product
St. Kilian Handfilled (2025) ex Dry Gin Heimat Distillers,,,,,,0,59.7,,,No matching master record,likely_new_product
St. Kilian Distiller's Choice Sonderedition 2 (2025),,,,,,0,51.1,,,No matching master record,likely_new_product
Deanston 12 Years (2012/2024) - The Cask Hound,,,,,,12,57.8,,,No matching master record,likely_new_product
GlenAllachie 10 Years CS Batch 8 (2022),,,,,,10,57.2,,,No matching master record,likely_new_product
Taketsuru Pure Malt,,,,,,0,43,,,No matching master record,likely_new_product
The Trinity - The Cask Wizard,,,,,,12,55.5,,,No matching master record,likely_new_product
Arran 25 Years (2020),,,,,,25,46,,,No matching master record,likely_new_product
Abasolo Mexican Corn Whisky,,,,,,0,43,,,No matching master record,likely_new_product
Wieser UUAHOUUA WIESky 7 Years - Pinot Noir,,,,,,7,40,,,No matching master record,likely_new_product
St. Kilian Whisky Bunker Reserve (2025) - Peated,,,,,,0,56.1,,,No matching master record,likely_new_product
Schlitzer Single Malt Klassisch,,,,,,0,43,,,No matching master record,likely_new_product
Nc'Nean Aon Calvados (2017/2025),,,,,,7,60.1,,,No matching master record,likely_new_product
Lot No. 40 Rye Whisky,,,,,,0,43,,,No matching master record,likely_new_product
St. Kilian Scorpions Crazy World – Unpeated,,,,,,0,54,,,No matching master record,likely_new_product
High West Double Rye Whiskey,,,,,,0,46,,,No matching master record,likely_new_product
Fettercairn (2006/2024) - Malts of Scotland,,,,,,0,47.8,,,No matching master record,likely_new_product
St. Kilian Signature Edition Sixteen,,,,,,0,55.3,,,No matching master record,likely_new_product
Islay (LA) 34 Years (1990/2025) - Signatory Vintage x Wu Dram Clan,,,,,,34,51.7,,,No matching master record,likely_new_product
Cameronbridge 14 Years Called to Submission - Brave New Spirits,,,,,,14,50.3,,,No matching master record,likely_new_product
Longmorn 40 Years (1975/2015) - Malts of Scotland,,,,,,40,46.7,,,No matching master record,likely_new_product
Strathisla 24 Years (1992/2016) - Malts of Scotland,,,,,,24,56.2,,,No matching master record,likely_new_product
GORFH Whiskey Oat (2025),,,,,,7,48,,,No matching master record,likely_new_product
Royal Brackla 11 Years (2009/2021) - van Wees,,,,,,11,46,,,No matching master record,likely_new_product
The Westfalian TW34,,,,,,11,63.5,,,No matching master record,likely_new_product
Glen Ord 10 Years (2011/2021) - van Wees,,,,,,10,46,,,No matching master record,likely_new_product
Gammelstilla Single Cask Nr. 2 (2024),,,,,,7,53.5,,,No matching master record,independent_bottler_or_special_release
Sherry Cask Matured Blended Malt Scotch Whisky - Berry Bros. & Rudd,,,,,,0,44.2,,,No matching master record,likely_new_product
Longmorn 11 Years (2014/2025) - James Eadie,,,,,,11,52.4,,,No matching master record,likely_new_product
Royal Brackla 10 Years (2014/2024) - Thompson Bros,,,,,,10,55.3,,,No matching master record,likely_new_product
The Westfalian TW86,,,,,,10,56.5,,,No matching master record,likely_new_product
The Westfalian TW256,,,,,,4,59.1,,,No matching master record,likely_new_product
Tormore 10 Years Blueprint Bourbon Barrel,,,,,,10,48,,,No matching master record,likely_new_product
Ardmore 12 Years (2012/2025) - Signatory Vintage,,,,,,12,60.7,,,No matching master record,likely_new_product
Mystic Lowlands (2011/2024) - Malts of Scotland,,,,,,13,55.5,,,No matching master record,likely_new_product
Turntable Spirits Unplugged,,,,,,0,46,,,No matching master record,likely_new_product
Finglassie 8 Years (2017/2025) - James Eadie,,,,,,8,57.9,,,No matching master record,likely_new_product
Aberfeldy 40 Years (1983/2023) - Malts of Scotland,,,,,,40,47.2,,,No matching master record,likely_new_product
Wolfburn 12 Years (2025),,,,,,12,46,,,No matching master record,likely_new_product
Old Pulteney 12 Years (2023),,,,,,12,40,,,No matching master record,likely_new_product
Och Aye the Coo,,,,,,0,40,,,No matching master record,likely_new_product
Glen Moray 14 Years (2007/2021) - Malts of Scotland,,,,,,14,56.3,,,No matching master record,likely_new_product
Oban The Macleans Young Teddy (2023),,,,,,0,50.8,,,No matching master record,likely_new_product
Blackwater The Full Irish (2024),,,,,,0,48.5,,,No matching master record,likely_new_product
Skellig Six18 Distillery (2024) Ruby Port Finish,,,,,,6,58.7,,,No matching master record,likely_new_product
Best Drinking Friends Release No. 3 (2018/2024),,,,,,8,55.2,,,No matching master record,likely_new_product
The Liberator Port 'n' Peat – Storehouse Special Batch 18,,,,,,0,46,,,No matching master record,likely_new_product
St. Kilian Scorpions – 60 Years of Rock,,,,,,0,57.8,,,No matching master record,likely_new_product
St. Kilian Scorpions - Rock Believer (2025),,,,,,0,47,,,No matching master record,likely_new_product
St. Kilian Signature Edition Fifteen,,,,,,0,53.5,,,No matching master record,likely_new_product
St. Kilian ex Sherry Oloroso Single Cask – Ultra Heavily Peated (2017/2024),,,,,,6,58.9,,,No matching master record,independent_bottler_or_special_release
St. Kilian Hedan (2021/2025),,,,,,0,46,,,No matching master record,likely_new_product
Ledaig 17 Years (2006/2024) - Gordon & MacPhail,,,,,,17,56.5,,,No matching master record,likely_new_product
Nc'Nean Aon White Port (2020/2025),,,,,,0,61.1,,,No matching master record,likely_new_product
Talisker Storm,,,,,,0,45.8,,,No matching master record,likely_new_product
Langatun 5 Years - Wajos,,,,,,5,40,,,No matching master record,likely_new_product
Tomatin Legacy,,,,,,0,43,,,No matching master record,likely_new_product
Bruichladdich 31 Years (1991) - Ralph Steadman X Cask 88,,,,,,31,50.6,,,No matching master record,likely_new_product
Glenburgie 24 Years (1997) - Ralph Steadman X Cask 88,,,,,,24,55.2,,,No matching master record,likely_new_product
Arran 24 Years (1996) - Ralph Steadman X Cask 88,,,,,,24,44.7,,,No matching master record,likely_new_product
Nc'nea Organic Batch 5 (2017/2021),,,,,,0,46,,,No matching master record,likely_new_product
Mortlach Midnight Dusk - Diageo Special Releases (2024),,,,,,0,57.5,,,No matching master record,independent_bottler_or_special_release
Ben Nevis 24 Years (1996/2020) - Sansibar,,,,,,24,43.9,,,No matching master record,likely_new_product
Caol Ila 11 Years Ambrosial Feast - Diageo Special Releases (2024),,,,,,11,57.3,,,No matching master record,independent_bottler_or_special_release
Cigar Malt 14 Years (2024) The Tasteful 8 - Brühler Whiskyhaus,,,,,,14,50.6,,,No matching master record,likely_new_product
Teaninich (2016/2023) - Sansibar,,,,,,7,60.2,,,No matching master record,likely_new_product
Allt-a-Bhainne (2006) A dreamy nighttime drink Cask 108.34 - The Scotch Malt Whisky Society,,,,,,14,64.4,,,No matching master record,likely_new_product
Glen Spey (2015/2023) - Sansibar,,,,,,7,60.1,,,No matching master record,likely_new_product
Distilled in Australia 7 Years (2024) The Tasteful 8 - Brühler Whiskyhaus,,,,,,7,55.3,,,No matching master record,likely_new_product
Glendronach Cask Strength Batch 12,,,,,,0,58.2,,,No matching master record,likely_new_product
Royal Brackla 12 Years,,,,,,12,40,,,No matching master record,likely_new_product
M&H APEX White Wine,,,,,,0,61.2,,,No matching master record,likely_new_product
Talisker 8 Years Tidal Churn - Diageo Special Releases (2024),,,,,,8,58.7,,,No matching master record,independent_bottler_or_special_release
GlenAllachie 14 Years (2010/2024) - Koval Bourbon Barrel,,,,,,14,62.4,,,No matching master record,likely_new_product
Glenlivet 13 Years 1st Fill American Oak,,,,,,13,40,,,No matching master record,likely_new_product
St. Kilian Double Trouble – Peated,,,,,,0,59.5,,,No matching master record,likely_new_product
Braeval (1994/2019) - Sansibar,,,,,,0,44.5,,,No matching master record,likely_new_product
Stauning Heather Distillery Edition (2017/2021),,,,,,0,47.8,,,No matching master record,likely_new_product
Eiskeller-Whisky 12 Years Single Cask Fass 4,,,,,,12,56.6,,,No matching master record,independent_bottler_or_special_release
Steinkeller-Whisky 12 Years Single Cask Fass 8,,,,,,12,40,,,No matching master record,independent_bottler_or_special_release
Wolfburn Langskip,,,,,,0,58,,,No matching master record,likely_new_product
Wolfburn Cognac Cask 8 Years (2017/2025),,,,,,8,46,,,No matching master record,likely_new_product
Wolfburn Vibrant Stills Sauternes Cask 8 Years (2016/2024),,,,,,8,50,,,No matching master record,likely_new_product
Wolfburn 10 Years (2023 Release),,,,,,10,46,,,No matching master record,likely_new_product
Wolfburn Vibrant Stills Bourbon Barrel 8 Years (2015/2023),,,,,,8,50,,,No matching master record,likely_new_product
Glen Garioch 21 Years (2003/2024) - Wu DRAM Clan,,,,,,21,53.9,,,No matching master record,likely_new_product
St. Kilian Single Cask – Ultra Heavily Peated,,,,,,6,58.9,,,No matching master record,independent_bottler_or_special_release
Ardmore (2010) A Dream Of Scotland - Brühler Whiskyhaus,,,,,,12,56.2,,,No matching master record,likely_new_product
Distilled at South Islay 13 Years (2024) The Tasteful 8 - Brühler Whiskyhaus,,,,,,13,56.9,,,No matching master record,likely_new_product
St. Kilian Judas Priest Turbo – Unpeated (2024),,,,,,0,48,,,No matching master record,likely_new_product
Nc'Nean Organic Batch 20 (2019/2023),,,,,,0,46,,,No matching master record,likely_new_product
Highland Park 13 Years (2024) The Tasteful 8 - Brühler Whiskyhaus,,,,,,13,57.7,,,No matching master record,likely_new_product
Baker's 7 (2015/2023),,,,,,8,53.5,,,No matching master record,likely_new_product
St. Kilian Handfilled Whisky – ex Champagner Vin Clair – Unpeated,,,,,,0,60.9,,,No matching master record,likely_new_product
Glen Moray (2015/2023) - Sansibar,,,,,,7,62,,,No matching master record,likely_new_product
Secret Speyside (M) 17 Years (2024) The Tasteful 8 - Brühler Whiskyhaus,,,,,,17,53.7,,,No matching master record,likely_new_product
St. Kilian Handfilled Rye & Jack Daniels,,,,,,4,50.7,,,No matching master record,likely_new_product
Inchgower (2010/2023) - Sansibar,,,,,,12,57.6,,,No matching master record,likely_new_product
Balblair 33 Years (1989) Espresso romano Cask 70.48 - The Scotch Malt Whisky Society,,,,,,33,62.3,,,No matching master record,likely_new_product
Ardbeg 7 Years (2017/2025) Bohemian Schnapsidee - VAME Malts,,,,,,7,57.1,,,No matching master record,likely_new_product
Speyside Distillery 15 Years (2008/2024),,,,,,15,46,,,No matching master record,likely_new_product
Tomatin 17 Years (2006/2024),,,,,,17,46,,,No matching master record,likely_new_product
Tobermory 12 Years (2017),,,,,,12,46.3,,,No matching master record,likely_new_product
Nikka Coffey Malt Whisky,,,,,,0,45,,,No matching master record,likely_new_product
Port Charlotte 18 Years (2004/2023),,,,,,18,54.3,,,No matching master record,likely_new_product
St. Kilian Whisky Solera – Peated – III (2024),,,,,,0,57.6,,,No matching master record,likely_new_product
The Westfalian TW40,,,,,,10,69.6,,,No matching master record,likely_new_product
Distilled in Ireland 21 Years (2024) The Tasteful 8 - Brühler Whiskyhaus,,,,,,21,49.7,,,No matching master record,likely_new_product
Glenlossie 19 Years (1997/2016) - Signatory Vintage,,,,,,19,46,,,No matching master record,likely_new_product
St. Kilian Terence Hill – The Hero – Whisky (mild),,,,,,0,46,,,No matching master record,likely_new_product
Schroll Tegelberg Laphroaig Cask,,,,,,0,45,,,No matching master record,likely_new_product
Nc'Nean Huntress Lemon Meadow (2019/2025),,,,,,0,48.5,,,No matching master record,likely_new_product
Caperdonich 27 Years (2024) The Tasteful 8 - Brühler Whiskyhaus,,,,,,27,52.1,,,No matching master record,likely_new_product
St. Kilian Heavy Metal Edition Birmingham – Home of Metal – Unpeated,,,,,,0,60.6,,,No matching master record,likely_new_product
Allt-a-Bhainne (2008/2019) Scottish Roadsign Edition No. 11 - Flickenschild,,,,,,10,59.1,,,No matching master record,likely_new_product
St. Kilian Signature Edition Fourteen – Unpeated,,,,,,0,49.8,,,No matching master record,likely_new_product
Octomore 13 Years (2024) The Tasteful 8 - Brühler Whiskyhaus,,,,,,13,58.1,,,No matching master record,likely_new_product
Nc'Nean (2017/2024) STR Cask - Best Dram,,,,,,6,54.3,,,No matching master record,likely_new_product
Glen Elgin (2008/2020) - Sansibar,,,,,,0,58.7,,,No matching master record,likely_new_product
Ledaig 16 Years (2005/2022) - Signatory Vintage,,,,,,16,66.1,,,No matching master record,likely_new_product
Craigellachie 10 Years (2012/2023) - Signatory Vintage,,,,,,10,67.4,,,No matching master record,likely_new_product
GlenAllachie 12 Years (2009/2022) - Signatory Vintage,,,,,,12,66.4,,,No matching master record,likely_new_product
Ardnamurchan AD 04.22:02,,,,,,0,46.8,,,No matching master record,likely_new_product
HeiligenBergFeld (2020/2024) Rum Barbados Cask,,,,,,0,60.2,,,No matching master record,likely_new_product
Benrinnes 21 Years Grand Crescendo - Diageo Special Releases (2024),,,,,,21,55.4,,,No matching master record,independent_bottler_or_special_release
Talisker Skye,,,,,,0,45.8,,,No matching master record,likely_new_product
Bruichladdich 30 Years (1993/2023) - Malts of Scotland,,,,,,30,45.8,,,No matching master record,likely_new_product
Benromach 40 Years Batch 2 (2022),,,,,,40,56.5,,,No matching master record,likely_new_product
St. Kilian Exceptional Range Mizunara – Peated,,,,,,0,54,,,No matching master record,likely_new_product
Nikka Coffey Grain Whisky,,,,,,0,45,,,No matching master record,likely_new_product
Cap a Pie (2018) - Michel Couvreur,,,,,,0,45,,,No matching master record,likely_new_product
Glen Moray Port Cask Finish,,,,,,0,40,,,No matching master record,likely_new_product
Woodford Reserve Kentucky Derby 148,,,,,,0,45.2,,,No matching master record,likely_new_product
Woodford Reserve Distiller's Select,,,,,,0,43.2,,,No matching master record,likely_new_product
Tomatin (2009/2021) - Gordon & MacPhail,,,,,,0,43,,,No matching master record,likely_new_product
The English 9 Years (2013) Slicing and dicing Cask 137.18 - The Scotch Malt Whisky Society,,,,,,9,67.3,,,No matching master record,likely_new_product
Puni Sole 4 Years (2017),,,,,,4,46,,,No matching master record,likely_new_product
Ben Nevis 10 Years (2013) Mingle into darkness Cask 78.84 - The Scotch Malt Whisky Society,,,,,,10,67.3,,,No matching master record,likely_new_product
Mac-Talla (2009/2024) Feis Ile (2024) - Morrison Scotch Whisky Distillers,,,,,,0,53.7,,,No matching master record,likely_new_product
Ballindalloch 8 Years (2016/2024),,,,,,8,60.8,,,No matching master record,likely_new_product
Glen Scotia 14 Years (2024) Icons of Campbeltown - Release No. 2: The Dragon,,,,,,14,56.8,,,No matching master record,likely_new_product
Kingsbarns Balcomie,,,,,,0,46,,,No matching master record,likely_new_product
Kilkerran 8 Years (2024) Batch 10,,,,,,8,57.4,,,No matching master record,likely_new_product
Deanston 12 Years,,,,,,12,46.3,,,No matching master record,likely_new_product
Teeling Rose Wine Cask (2022),,,,,,0,46,,,No matching master record,likely_new_product
Roseisle 12 Years Origami Kite 2 - Diageo Special Releases (2024),,,,,,12,55.6,,,No matching master record,independent_bottler_or_special_release
Compass Box Artist Blend,,,,,,0,43,,,No matching master record,likely_new_product
Talisker x Parley - Wilder Seas - XO Cognac Cask Finish (2023),,,,,,0,48.6,,,No matching master record,likely_new_product
Lagavulin 12 Years (2024) Fireside Tales - Diageo Special Releases (2024),,,,,,12,57.4,,,No matching master record,independent_bottler_or_special_release
Highland Park 18 Years (2006/2024) - Signatory Vintage,,,,,,18,52,,,No matching master record,likely_new_product
Nc'Nean Organic (2019/2024) Cask Strength Batch GD06,,,,,,0,59.6,,,No matching master record,likely_new_product
Jameson Caskmates IPA Edition (2017),,,,,,0,40,,,No matching master record,likely_new_product
Ayrer's Red Organic Single Malt (2019/2024),,,,,,0,43.2,,,No matching master record,likely_new_product
Glenturret 12 Years (2024),,,,,,12,46.4,,,No matching master record,likely_new_product
Glenfiddich 23 Years (2023) Rude Olph - VAME Malts,,,,,,23,47.2,,,No matching master record,likely_new_product
Lichtburg 21 Years (2001/2023) Historic Series No. 8 - Rolf Kaspar GmbH,,,,,,21,53.6,,,No matching master record,likely_new_product
HeiligenBergFeld (2018/2022) Oloroso Sherry Cask,,,,,,0,57.8,,,No matching master record,likely_new_product
Dun Naomhaig Bay Batch 2 (2023) - Feinkost Reifferscheid,,,,,,0,56,,,No matching master record,likely_new_product
Dun Naomhaig Bay Batch 1 (2022) - Feinkost Reifferscheid,,,,,,0,56.2,,,No matching master record,likely_new_product
Tormore 12 Years (2011) Spiced vanilla chai cake Cask 105.45 - The Scotch Malt Whisky Society,,,,,,12,66.8,,,No matching master record,likely_new_product
Auchroisk 12 Years (2010/2023) - Sansibar,,,,,,12,60.8,,,No matching master record,likely_new_product
HeiligenBergFeld 3 Years (2020/2023) PX Cask,,,,,,3,57.9,,,No matching master record,likely_new_product
Craigellachie (2013/2024) - Malts of Scotland,,,,,,0,61.2,,,No matching master record,likely_new_product
Goa Indian Whisky Ratafia Champenois Cask T-073,,,,,,6,46.4,,,No matching master record,likely_new_product
Lagavulin 11 Years (2024) Offerman 4th Edition,,,,,,11,46,,,No matching master record,likely_new_product
St. Kilian Grave Digger Erdfassreifung Exhumation – Chapter II – Peated,,,,,,0,50.8,,,No matching master record,likely_new_product
Port Charlotte 14 Years (2023) - Brühler Whiskyhaus,,,,,,14,56.2,,,No matching master record,likely_new_product
Glenturret Triple Wood (2024),,,,,,0,44,,,No matching master record,likely_new_product
Johnnie Walker 18 Years,,,,,,18,40,,,No matching master record,likely_new_product
Nc'Nean Huntress Orchard Cobbler (2019/2024),,,,,,0,48.5,,,No matching master record,likely_new_product
The Balvenie 14 Years (2009) A Collection of Curious Casks,,,,,,14,47.8,,,No matching master record,likely_new_product
Kilchoman Batch Strength (2024),,,,,,0,57,,,No matching master record,likely_new_product
Compass Box Ultramarine,,,,,,0,51,,,No matching master record,likely_new_product
Compass Box Metropolis,,,,,,0,49,,,No matching master record,likely_new_product
Cameronbridge 34 Years (1984/2019) - van Wees,,,,,,34,54.9,,,No matching master record,likely_new_product
Nc'Nean Quiet Rebels Gordon (2009/2023),,,,,,0,48.5,,,No matching master record,likely_new_product
Bowmore 10 Years (2013/2024) - Douglas Laing,,,,,,10,58.4,,,No matching master record,likely_new_product
Glenfarclas (2012/2024) The Trinity Vintage Series,,,,,,0,46,,,No matching master record,likely_new_product
Blended Scotch Whisky 40 Years (2024) - Living Souls,,,,,,40,41.2,,,No matching master record,likely_new_product
Islay Blended Malt Scotch Whisky Kildalton 19 Years (2024) - Living Souls,,,,,,19,42,,,No matching master record,likely_new_product
Ledaig and Tobermory 18 Years (2024) - Living Souls,,,,,,18,41,,,No matching master record,likely_new_product
Blended Scotch Whisky 15 Years (2024) - Living Souls,,,,,,15,46,,,No matching master record,likely_new_product
Ruadh Maor (2011/2024) Jack the Ripper - Malts of Scotland,,,,,,0,55.6,,,No matching master record,likely_new_product
Macallan 20 Years (2003/2023) Speymalt - Gordon & MacPhail,,,,,,20,58.3,,,No matching master record,likely_new_product
Meikle Tòir 5 Years The Chinquapin One (2023),,,,,,5,48,,,No matching master record,likely_new_product
Betz Sauternes Cask (2017/2022) Batch 1,,,,,,5,43,,,No matching master record,likely_new_product
Betz Rye Single Cask (2017/2022) 50,,,,,,4,48,,,No matching master record,independent_bottler_or_special_release
Betz PX Single Cask (2017/2021) 52,,,,,,4,43,,,No matching master record,independent_bottler_or_special_release
Betz Master Blend Batch 4,,,,,,0,46,,,No matching master record,likely_new_product
Ballechin 19 Years (2004/2023),,,,,,19,55,,,No matching master record,likely_new_product
Glenlivet Nadurra (2015),,,,,,0,59.8,,,No matching master record,likely_new_product
North British 31 Years (1991) - Hogshead Imports,,,,,,31,46.7,,,No matching master record,likely_new_product
Macallan 20 Years (2004/2024) Speymalt - Gordon & MacPhail,,,,,,20,59.4,,,No matching master record,likely_new_product
Aberfeldy 18 Years (2021) French Red Wine Casks,,,,,,18,43,,,No matching master record,likely_new_product
Deanston 11 Years (2012/2023) - Best Dram,,,,,,11,55.7,,,No matching master record,likely_new_product
Edradour 12 Years (2012/2024) Frühburgunder Barrique Finish,,,,,,12,46,,,No matching master record,likely_new_product
Sild Flören (2018/2023) Single Cask 5 Years,,,,,,5,50.1,,,No matching master record,independent_bottler_or_special_release
Compass Box Delos,,,,,,0,49,,,No matching master record,likely_new_product
St. Kilian Single Cask – Irish Style – Unpeated,,,,,,5,57.4,,,No matching master record,independent_bottler_or_special_release
Macallan 12 Years Double Cask,,,,,,12,40,,,No matching master record,likely_new_product
Ardmore 15 Years (2007/2023) Mouton bouillie Cask 66.239 - The Scotch Malt Whisky Society,,,,,,15,57.9,,,No matching master record,likely_new_product
Single Malt Miyagikyo,,,,,,0,45,,,No matching master record,likely_new_product
The Westfalian TW74,,,,,,10,64.1,,,No matching master record,likely_new_product
St. Kilian Bud Spencer - The Legend - Rauchig - Batch 03,,,,,,0,49,,,No matching master record,likely_new_product
St. Kilian Sie nannten ihn Spencer – Unpeated,,,,,,0,59.1,,,No matching master record,likely_new_product
anCnoc 18 Years (2024),,,,,,18,46,,,No matching master record,likely_new_product
Ben Nevis 10 Years (2014/2024) - James Eadie,,,,,,10,58.9,,,No matching master record,likely_new_product
Teaninich 11 Years Malaga Cask Finish - James Eadie,,,,,,11,48.3,,,No matching master record,likely_new_product
The English Whisky Infinity Cask - Distillery Exclusive (2024) Batch 3,,,,,,0,48.7,,,No matching master record,likely_new_product
Dailuaine (2012/2022) - Malts of Scotland,,,,,,10,57.1,,,No matching master record,likely_new_product
Elsburn The Journey (2020),,,,,,0,43,,,No matching master record,likely_new_product
Ardmore 13 Years (2008/2023) - Signatory Vintage,,,,,,13,59,,,No matching master record,likely_new_product
Glenfiddich Reserve Cask,,,,,,0,40,,,No matching master record,likely_new_product
Glenturret 29 Years (1987/2017) - Cadenhead's,,,,,,29,42.1,,,No matching master record,likely_new_product
Glenfiddich Select Cask,,,,,,0,40,,,No matching master record,likely_new_product
Betz Jamaica Rum Cask (2017/2022) Batch 1,,,,,,5,51,,,No matching master record,likely_new_product
Allt-a-Bhainne 17 Years (2005) Infrequent Flyers - Alistair Walker Whisky Company,,,,,,17,60.1,,,No matching master record,likely_new_product
Royal Brackla 10 Years (2014/2024) - James Eadie,,,,,,10,46,,,No matching master record,likely_new_product
Caol Ila 9 Years (2015/2024) - James Eadie,,,,,,9,54.9,,,No matching master record,likely_new_product
Craigellachie (2013/2024) Margaux Cask London Showcase - Berry Bros. & Rudd,,,,,,0,54,,,No matching master record,likely_new_product
Single Malt Miyagikyo Aromatic Yeast Edition (2022),,,,,,0,47,,,No matching master record,likely_new_product
Nikka The Grain Whisky,,,,,,0,48,,,No matching master record,likely_new_product
Single Malt Yoichi,,,,,,0,45,,,No matching master record,likely_new_product
Four Roses Single Barrel,,,,,,0,50,,,No matching master record,likely_new_product
Glen Moray 19 Years (1998/2017) - Malts of Scotland,,,,,,19,54.8,,,No matching master record,likely_new_product
Emill Kraftwerk,,,,,,0,58.7,,,No matching master record,likely_new_product
Glenlivet 12 Years Double Oak,,,,,,12,40,,,No matching master record,likely_new_product
Lindores Abbey MCDXCIV,,,,,,0,46,,,No matching master record,likely_new_product
St. Kilian Single Cask – Turf Tail Distillers Cut – Peated,,,,,,0,58.7,,,No matching master record,independent_bottler_or_special_release
Timorous Beastie Small Batch Release - Douglas Laing,,,,,,0,46.8,,,No matching master record,likely_new_product
St. Kilian Signature Edition Four,,,,,,3,48,,,No matching master record,likely_new_product
The Westfalian TW129,,,,,,7,53.1,,,No matching master record,likely_new_product
finch Distillers Choice Barrique R,,,,,,8,42,,,No matching master record,likely_new_product
Teaninich (2008/2021) - Signatory Vintage,,,,,,13,46,,,No matching master record,likely_new_product
Turntable Spirits Track 6: All My Life,,,,,,0,46,,,No matching master record,likely_new_product
Nine Springs 10 Years PX Finish,,,,,,10,46,,,No matching master record,likely_new_product
Breizh Blended,,,,,,0,42,,,No matching master record,likely_new_product
Teeling 21 Years - Rising Reserve No. 3 - Ruby Port Cask,,,,,,21,46,,,No matching master record,likely_new_product
Evermann Wilhelm Single Malt Whisky,,,,,,0,42,,,No matching master record,likely_new_product
Evermann Theo Blended Whisky,,,,,,0,40,,,No matching master record,likely_new_product
Tomintoul 14 Years,,,,,,14,46,,,No matching master record,likely_new_product
Glen Moray 12 Years (2008/2021) old - Rum Matured & Cognac Finish,,,,,,12,57.83,,,No matching master record,likely_new_product
Patrisbrunna Peated (2017),,,,,,4,40,,,No matching master record,likely_new_product
Glenrothes (2013/2024) - Malts of Scotland,,,,,,0,57,,,No matching master record,likely_new_product
Teeling Single Pot Still (2024),,,,,,0,46,,,No matching master record,likely_new_product
WillowBurn The Distillery Exclusive Cask (1445),,,,,,0,60.6,,,No matching master record,likely_new_product
Glenalba 25 Years Madeira Finish,,,,,,25,41.4,,,No matching master record,likely_new_product
Epicurean Small Batch Release - Douglas Laing,,,,,,0,46.2,,,No matching master record,likely_new_product
Whesskey - Hessian Corn Whisky - 10 Years,,,,,,10,64.7,,,No matching master record,likely_new_product
Stauning Smoke Distillery Edition Calvados Cask,,,,,,3,62.2,,,No matching master record,likely_new_product
Stauning Barley Distillery Edition Makers Mark Bourbon Cask,,,,,,4,45.8,,,No matching master record,likely_new_product
Jura 10 Years,,,,,,10,40,,,No matching master record,likely_new_product
Teeling Whiskey Wonders of Wood Series 3 Swedish Oak,,,,,,0,50,,,No matching master record,likely_new_product
Dailuaine (2012/2022) #308764 - Signatory Vintage,,,,,,9,59.2,,,No matching master record,likely_new_product
Beauchamp Whisky Pur Malt,,,,,,0,46,,,No matching master record,likely_new_product
Miltonduff (2009/2011) - Singatory Vintage,,,,,,11,46,,,No matching master record,likely_new_product
Kavalan SOLIST Fino Sherry Cask,,,,,,0,57.8,,,No matching master record,likely_new_product
Big Peat Small Batch Release - Douglas Laing,,,,,,0,46,,,No matching master record,likely_new_product
Balcones Brimstone,,,,,,0,53,,,No matching master record,likely_new_product
Speyburn 16 Years,,,,,,16,43,,,No matching master record,likely_new_product
Benromach 10 Years,,,,,,10,43,,,No matching master record,likely_new_product
Balcones Bourbon Ratafia Champenois Cask T-053,,,,,,6,55.2,,,No matching master record,likely_new_product
Beverbach Wheat Malt Einbecker German Beer Cask Finish,,,,,,5,43,,,No matching master record,likely_new_product
Old Forester 86 Proof,,,,,,0,43,,,No matching master record,likely_new_product
Maclean’s Nose,,,,,,0,46,,,No matching master record,likely_new_product
St. Kilian The Early Days – Ketterer Wash X St. Kilian – Unpeated,,,,,,8,58.3,,,No matching master record,likely_new_product
Compass Box Celestial,,,,,,0,50,,,No matching master record,likely_new_product
Teeling Riesling Wine Cask Grand Cru Edition (2021),,,,,,0,46,,,No matching master record,likely_new_product
Fettercairn 4th Release 16 Years (2023),,,,,,16,46.4,,,No matching master record,likely_new_product
Glenfarclas 15 Years,,,,,,15,46,,,No matching master record,likely_new_product
Haran 12 Years Sherry Cask Finish,,,,,,12,43,,,No matching master record,likely_new_product
Sicilian Fruitcake - The Cask Wizard,,,,,,10,59.1,,,No matching master record,likely_new_product
The Targe (1994),,,,,,23,44,,,No matching master record,likely_new_product
Three Ships 12 Years,,,,,,12,46.3,,,No matching master record,likely_new_product
GlenAllachie 9 Years Oloroso Sherry Cask Finish - The Wood Collection,,,,,,9,48,,,No matching master record,likely_new_product
GlenAllachie 9 Years Amontillado Sherry Cask Finish - The Wood Collection,,,,,,9,48,,,No matching master record,likely_new_product
GlenAllachie 9 Years Fino Sherry Cask Finish - The Wood Collection,,,,,,9,48,,,No matching master record,likely_new_product
Agitator Chestnut Cask,,,,,,0,43,,,No matching master record,likely_new_product
MyBar South German Malt Whisky Tawny Port Finish,,,,,,0,51,,,No matching master record,likely_new_product
St. Kilian Tag des Deutschen Whiskys (2023),,,,,,4,53.3,,,No matching master record,likely_new_product
Glentauchers 11 Years (2012/2024) - Signatory Vintage,,,,,,11,57.1,,,No matching master record,likely_new_product
Mac-Talla Red Wine-Barriques,,,,,,0,53.8,,,No matching master record,likely_new_product
Vink Peated Port 5 Years,,,,,,5,44.7,,,No matching master record,likely_new_product
Laphroaig Cairdeas (2024) Cask Favourites 10 Years,,,,,,10,52.4,,,No matching master record,likely_new_product
Mannochmore Port Finish - Murray McDavid,,,,,,0,44.5,,,No matching master record,likely_new_product
The Westfalian TW8,,,,,,12,62.5,,,No matching master record,likely_new_product
Lagavulin 8 Years Old,,,,,,8,48,,,No matching master record,likely_new_product
Royal Brackla (2009) Grown-Up Indulgences Cask 55.72 - The Scotch Malt Whisky Society,,,,,,12,58.1,,,No matching master record,likely_new_product
Waterford The Arcadian Organic Gaia 1.2,,,,,,0,50,,,No matching master record,likely_new_product
St. Kilian Single Cask – David’s Choice – Unpeated,,,,,,5,58.4,,,No matching master record,independent_bottler_or_special_release
Nikka Days,,,,,,0,40,,,No matching master record,likely_new_product
Port Askaig 8 Years,,,,,,8,45.8,,,No matching master record,likely_new_product
Isle Of Raasay Batch R02,,,,,,0,46.6,,,No matching master record,likely_new_product
Balcones Baby Blue,,,,,,0,46,,,No matching master record,likely_new_product
Wolfburn Love Potion,,,,,,0,46,,,No matching master record,likely_new_product
Isle of Raasay Core Batch R0.01,,,,,,0,46.4,,,No matching master record,likely_new_product
Hazelburn 15 Years (2006/2022),,,,,,15,54.2,,,No matching master record,likely_new_product
M&H APEX Pomegranate Batch 8,,,,,,0,59.9,,,No matching master record,likely_new_product
Glenlivet Distiller's Reserve,,,,,,0,40,,,No matching master record,likely_new_product
Gilors (2014) Sherry Duett,,,,,,7,46.4,,,No matching master record,likely_new_product
Kavalan Solist Ex Bourbon Cask B141231048A,,,,,,0,57.1,,,No matching master record,likely_new_product
Fettercairn Warehouse 2 Batch 003,,,,,,0,50.6,,,No matching master record,likely_new_product
Glen Moray Fired Oak 10 Years,,,,,,10,40,,,No matching master record,likely_new_product
Glen Scotia 10 Years unpeated,,,,,,10,40,,,No matching master record,likely_new_product
Tamdhu 18 Years,,,,,,18,46.8,,,No matching master record,likely_new_product
The Westfalian TW181,,,,,,7,58,,,No matching master record,likely_new_product
Glenrothes 12 Years Oloroso Finish - Darkness!,,,,,,12,56.6,,,No matching master record,likely_new_product
Balcones Pot Still Bourbon,,,,,,0,46,,,No matching master record,likely_new_product
GlenAllachie 8 Years,,,,,,8,46,,,No matching master record,likely_new_product
Balmenach 8 Years (2013/2022) Barrique Finish - Best Dram,,,,,,8,54.2,,,No matching master record,likely_new_product
Cardhu 18 Years,,,,,,18,40,,,No matching master record,likely_new_product
Longrow Peated (2021),,,,,,0,46,,,No matching master record,likely_new_product
Horst Lüning Blended Malt Batch 2 10 Years,,,,,,10,46,,,No matching master record,likely_new_product
The Westfalian TW57,,,,,,8,53.9,,,No matching master record,likely_new_product
Ruadh Maor 12 Years - Dràm Mòr,,,,,,12,56.4,,,No matching master record,likely_new_product
"I Am Root, Too! - The Spirits Alchemist",,,,,,5,62.1,,,No matching master record,likely_new_product
Penderyn Myth,,,,,,0,41,,,No matching master record,likely_new_product
Penderyn Legend,,,,,,0,41,,,No matching master record,likely_new_product
Penderyn Celt,,,,,,0,41,,,No matching master record,likely_new_product
Owensboro - Anam na h-Alba,,,,,,3,59.9,,,No matching master record,likely_new_product
Balcones Texas Rye,,,,,,0,50,,,No matching master record,likely_new_product
Torabhaig Allt Gleann The Legacy Series,,,,,,0,46,,,No matching master record,likely_new_product
Begemann Whisky Eichenschild 5 Years,,,,,,5,40,,,No matching master record,likely_new_product
Loch Lomond 18 Years,,,,,,18,46,,,No matching master record,likely_new_product
Springbank 15 Years,,,,,,15,46,,,No matching master record,likely_new_product
Springbank 10 Years,,,,,,10,46,,,No matching master record,likely_new_product
Green Spot,,,,,,0,40,,,No matching master record,likely_new_product
Gilors 10 Years PX Sherry,,,,,,10,60.1,,,No matching master record,likely_new_product
Port Ellen (1982) - Malts of Scotland,,,,,,0,58.1,,,No matching master record,likely_new_product
Campbeltown Loch Edition (2023),,,,,,0,46,,,No matching master record,likely_new_product
Bunnahabhain 12 Years,,,,,,12,46.3,,,No matching master record,likely_new_product
Blair Athol 9 Years (2014/2023) - Signatory Vintage,,,,,,9,57.1,,,No matching master record,likely_new_product
Lochlea 5 Years (2018/2023),,,,,,5,50,,,No matching master record,likely_new_product
Westheimer Bier-Whisky,,,,,,0,46,,,No matching master record,likely_new_product
Deanston 11 Years (2009/2021) - Cask 116 - Brave New Spirits,,,,,,11,54.8,,,No matching master record,likely_new_product
Talisker 18 Years,,,,,,18,45.8,,,No matching master record,likely_new_product
Four Roses Small Batch,,,,,,0,45,,,No matching master record,likely_new_product
Glenlossie 12 Years (2009/2021) - Malts of Scotland,,,,,,12,57.3,,,No matching master record,likely_new_product
P&M Red Oak,,,,,,0,42,,,No matching master record,likely_new_product
Benrinnes 12 Years - 82 Chapters to Newcastle,,,,,,12,57.2,,,No matching master record,likely_new_product
Benrinnes 15 Years (2008/2023) - Malts of Scotland,,,,,,15,56.4,,,No matching master record,likely_new_product
Tullibardine 500,,,,,,0,43,,,No matching master record,likely_new_product
Tullibardine 228,,,,,,0,43,,,No matching master record,likely_new_product
Tullibardine 225,,,,,,0,43,,,No matching master record,likely_new_product
Tullibardine Sovereign,,,,,,0,43,,,No matching master record,likely_new_product
Tullibardine 8 Years (2015/2023) - Signatory Vintage,,,,,,8,57.1,,,No matching master record,likely_new_product
GORFH Whiskey Cask 1,,,,,,4,43.5,,,No matching master record,likely_new_product
Blair Athol 11 Years (2009/2021) - The Old Friends,,,,,,11,54,,,No matching master record,likely_new_product
Chivas Regal 12 Years,,,,,,12,40,,,No matching master record,likely_new_product
Ben Nevis 10 Years (2013/2024) - Dràm Mòr,,,,,,10,57.4,,,No matching master record,likely_new_product
Old Pulteney 18 Years,,,,,,18,46,,,No matching master record,likely_new_product
Eagle Rare 10 Years,,,,,,10,45,,,No matching master record,likely_new_product
Oban Hand Filled Distillery Exclusive 11 Years Batch 1,,,,,,11,53.8,,,No matching master record,likely_new_product
Glenmorangie The Quinta Ruban 14 Years,,,,,,14,46,,,No matching master record,likely_new_product
"Rebels 0,0 Malt Blend",,,,,,0,0,,,No matching master record,likely_new_product
Gauldrons Small Batch Release - Douglas Laing,,,,,,0,46.2,,,No matching master record,likely_new_product
Edinburgh Castle 10 Years,,,,,,10,40,,,No matching master record,likely_new_product
Glen Moray 15 Years,,,,,,15,40,,,No matching master record,likely_new_product
Dumbarton Rock Blended Whisky,,,,,,0,46,,,No matching master record,likely_new_product
Redbreast Tawny Port,,,,,,0,46,,,No matching master record,likely_new_product
Jameson Black Barrel,,,,,,0,40,,,No matching master record,likely_new_product
Tormore 14 Years - 82 Chapters to Newcastle,,,,,,14,61.6,,,No matching master record,likely_new_product
Buffalo Trace (45%),,,,,,0,45,,,No matching master record,likely_new_product
Buffalo Trace (40%),,,,,,0,40,,,No matching master record,likely_new_product
Sea Shepherd,,,,,,0,43,,,No matching master record,likely_new_product
Talisker Surge,,,,,,0,45.8,,,No matching master record,likely_new_product
Jack Daniel's Bonded,,,,,,4,50,,,No matching master record,likely_new_product
Scallywag 10 Years Small Batch Release - Douglas Laing,,,,,,10,46,,,No matching master record,likely_new_product
anCnoc 12 Years,,,,,,12,40,,,No matching master record,likely_new_product
Kilkerran 12 Years,,,,,,12,46,,,No matching master record,likely_new_product
Ardnamurchan AD:02.22 Peated Cask Strength,,,,,,0,58.2,,,No matching master record,likely_new_product
The Westfalian TW73,,,,,,10,53.3,,,No matching master record,likely_new_product
Dailuaine 10 Years - 82 Chapters to Newcastle,,,,,,10,55.6,,,No matching master record,likely_new_product
Craigellachie 13 Years Bas-Armagnac Cask Finish,,,,,,13,46,,,No matching master record,likely_new_product
Bookers Small Batch (2019) 01E,,,,,,6,62.95,,,No matching master record,likely_new_product
Glenrothes 26 Years (1988/2014) - Hart Brothers,,,,,,26,50.5,,,No matching master record,likely_new_product
Lochlea Cask Strength Batch 1,,,,,,0,60.1,,,No matching master record,likely_new_product
Arran 10 Years,,,,,,10,46,,,No matching master record,likely_new_product
The Westfalian TW134,,,,,,5,55.8,,,No matching master record,likely_new_product
The Westfalian TW121,,,,,,6,52.9,,,No matching master record,likely_new_product
Lochlea Sowing Edition (Second Crop),,,,,,0,46,,,No matching master record,likely_new_product
Scallywag Chocolate Edition (2023) - Douglas Laing,,,,,,0,48,,,No matching master record,likely_new_product
Aberfeldy 12 Years,,,,,,12,40,,,No matching master record,likely_new_product
Blade And Bow,,,,,,0,45.5,,,No matching master record,likely_new_product
Dalmore Valour,,,,,,0,40,,,No matching master record,likely_new_product
Ardnamurchan AD 10.21:06,,,,,,0,46.8,,,No matching master record,likely_new_product
Patrisbrunna Madeira Cask (2018),,,,,,4,46,,,No matching master record,likely_new_product
St. Kilian Signature Edition Thirteen,,,,,,4,53.9,,,No matching master record,likely_new_product
Dalwhinnie 15 Years,,,,,,15,43,,,No matching master record,likely_new_product
Penderyn Madeira Finish,,,,,,0,46,,,No matching master record,likely_new_product
Redbreast 12 Years Cask Strength (2022),,,,,,12,58.1,,,No matching master record,likely_new_product
Glendronach The Hielan 8 Years,,,,,,8,46,,,No matching master record,likely_new_product
Laphroaig Brodir Final Batch,,,,,,0,48,,,No matching master record,likely_new_product
The Black Grouse Alpha Edition,,,,,,0,40,,,No matching master record,likely_new_product
Tomintoul 16 Years,,,,,,16,40,,,No matching master record,likely_new_product
Blair Athol 10 Years (2007/2019) - Douglas Laing,,,,,,10,46,,,No matching master record,likely_new_product
Glenglassaugh 8 Years (2013/2022) - The Cask Wizard,,,,,,8,47.3,,,No matching master record,likely_new_product
The Balvenie 15 Years Madeira Cask,,,,,,15,43,,,No matching master record,likely_new_product
Bruichladdich The Classic Laddie,,,,,,0,50,,,No matching master record,likely_new_product
Glen Keith 21 Years,,,,,,21,43,,,No matching master record,likely_new_product
Macduff 20 Years - The Observatory,,,,,,20,40,,,No matching master record,likely_new_product
Speyburn 18 Years,,,,,,18,46,,,No matching master record,likely_new_product
Patrisbrunna X-Mas Port (2016) Double Cask,,,,,,4,46,,,No matching master record,likely_new_product
Aultmore 13 Years - 82 Chapters to Newcastle,,,,,,13,57.4,,,No matching master record,likely_new_product
Patrisbrunna Original Paderborner Single Malt (2016),,,,,,5,58,,,No matching master record,likely_new_product
Ardbeg Scorch Committee Release,,,,,,0,51.7,,,No matching master record,likely_new_product
Lochlea Fallow Edition (First Crop),,,,,,3,46,,,No matching master record,likely_new_product
Glenturret 30 Years (1987/2018) Xtra Old Particular - Douglas Laing,,,,,,30,45.3,,,No matching master record,likely_new_product
Wild Turkey Rare Breed,,,,,,0,58.4,,,No matching master record,likely_new_product
Redbreast 12 Years,,,,,,12,40,,,No matching master record,likely_new_product
Cardhu 12 Years,,,,,,12,40,,,No matching master record,likely_new_product
Knockando 12 Years,,,,,,12,43,,,No matching master record,likely_new_product
Stork Club Straight Rye Whiskey,,,,,,0,45,,,No matching master record,likely_new_product
Glen Scotia Double Cask,,,,,,0,46,,,No matching master record,likely_new_product
The Balvenie 12 Years Doublewood,,,,,,12,40,,,No matching master record,likely_new_product
Clynelish 14 Years,,,,,,14,46,,,No matching master record,likely_new_product
Scallywag Small Batch Release - Douglas Laing,,,,,,0,46,,,No matching master record,likely_new_product
Talisker Port Ruighe,,,,,,0,45.8,,,No matching master record,likely_new_product
Slipknot No.9 Whiskey,,,,,,3,45,,,No matching master record,likely_new_product
St. Kilian Signature Edition Nine,,,,,,3,55.3,,,No matching master record,likely_new_product
Bulleit Bourbon 10 Years,,,,,,10,45.6,,,No matching master record,likely_new_product
Ben Bracken Highland Peated,,,,,,0,40,,,No matching master record,likely_new_product
Glen Elgin 12 Years,,,,,,12,43,,,No matching master record,likely_new_product
Suntory Hibiki Harmony,,,,,,0,43,,,No matching master record,likely_new_product
Ben Bracken Speyside,,,,,,0,40,,,No matching master record,likely_new_product
North British 15 Years (2003) Mossburn No. 24,,,,,,15,46,,,No matching master record,likely_new_product
Oban 14 Years,,,,,,14,43,,,No matching master record,likely_new_product
Lagavulin 11 Years Offerman Edition,,,,,,11,46,,,No matching master record,likely_new_product
Roslagswhisky EKO Sherry Oloroso 2x30 (2015)-(2022),,,,,,7,46.3,,,No matching master record,likely_new_product
Lochlea Harvest Edition (First Crop),,,,,,3,46,,,No matching master record,likely_new_product
Talisker 10 Years,,,,,,10,45.8,,,No matching master record,likely_new_product
Caol Ila 12 Years,,,,,,12,43,,,No matching master record,likely_new_product
Royal Lochnagar 12 Years,,,,,,12,40,,,No matching master record,likely_new_product
Cragganmore 12 Years,,,,,,12,40,,,No matching master record,likely_new_product
Glenkinchie 12 Years,,,,,,12,43,,,No matching master record,likely_new_product
Rock Island Small Batch Release - Douglas Laing,,,,,,0,46.8,,,No matching master record,likely_new_product
The Singleton Of Dufftown 12 Years,,,,,,12,40,,,No matching master record,likely_new_product
Kavalan King Car 40th Anniversary Edition (2012/2020),,,,,,0,56.3,,,No matching master record,likely_new_product
Ben Bracken Highland,,,,,,0,40,,,No matching master record,likely_new_product
Blended Malt Speyside - Berry Bros. & Rudd,,,,,,0,44.2,,,No matching master record,likely_new_product
Ardbeg An Oa,,,,,,0,46.6,,,No matching master record,likely_new_product
Ardmore Port Wood Finish 12 Years,,,,,,12,46,,,No matching master record,likely_new_product
Lochlea Our Barley,,,,,,0,46,,,No matching master record,likely_new_product
St. Kilian Bud Spencer - The Legend - Rauchig - Batch 02,,,,,,0,49,,,No matching master record,likely_new_product
Secret Speyside 13 Years - 82 Chapters to Newcastle,,,,,,13,56.2,,,No matching master record,likely_new_product
Starward Left-Field,,,,,,0,40,,,No matching master record,likely_new_product
Mackmyra Intelligens AI:02,,,,,,0,46.1,,,No matching master record,likely_new_product
Redbreast 15 Years,,,,,,15,46,,,No matching master record,likely_new_product
Johnnie Walker Black Label 12 Years Sherry Finish,,,,,,12,40,,,No matching master record,likely_new_product
Ardbeg Ardcore Committee Release,,,,,,0,50.1,,,No matching master record,likely_new_product
Ardbeg Corryvreckan,,,,,,0,57.1,,,No matching master record,likely_new_product
Ardbeg Wee Beastie 5 Years,,,,,,5,47.4,,,No matching master record,likely_new_product
Annandale (2017/2020) ManOSword Founders Selection Cask 348,,,,,,0,60.6,,,No matching master record,likely_new_product
Bunnahabhain Stiuireadair,,,,,,0,46.3,,,No matching master record,likely_new_product
Lagavulin 16 Years,,,,,,16,43,,,No matching master record,likely_new_product
Mackmyra Intelligens AI:01,,,,,,0,46.1,,,No matching master record,likely_new_product
Kavalan Distillery Select No.1,,,,,,0,40,,,No matching master record,likely_new_product
Knockando Richly Matured 15 Years - (2005),,,,,,15,43,,,No matching master record,likely_new_product
Glenmorangie 10 Years,,,,,,10,40,,,No matching master record,likely_new_product
Dingle Single Malt Irish Whiskey (2021),,,,,,0,46.3,,,No matching master record,likely_new_product
Octomore 10.3 6 Years (2013/2019),,,,,,6,61.3,,,No matching master record,likely_new_product
Glenfiddich 12 Years,,,,,,12,40,,,No matching master record,likely_new_product
Johnnie Walker Black Label 12 Years,,,,,,12,40,,,No matching master record,likely_new_product
Paul John Oloroso Select Cask,,,,,,0,48,,,No matching master record,likely_new_product
Nikka Whisky From The Barrel,,,,,,0,51.4,,,No matching master record,likely_new_product
Kinahan's Irish Whiskey KASC Project Batch 03,,,,,,0,43,,,No matching master record,likely_new_product
Starward Octave Barrels The Octavius 3 Years (2018/2021),,,,,,3,48,,,No matching master record,likely_new_product
Highland Park 15 Years Viking Heart,,,,,,15,44,,,No matching master record,likely_new_product
Elsburn The Journey (2021),,,,,,0,43,,,No matching master record,likely_new_product
Apogee XII 12 Years,,,,,,12,46.3,,,No matching master record,likely_new_product
