whisky_id,whisky_name,production_bottle_name,match_score,match_method,flavor_vector,flavor_profile,flavor_tags,flavor_source,flavor_data_confidence,production_price,production_rating,production_region,notes_for_review
W000441,amrut fusion,Amrut Fusion,100,exact,"{""complex"": 1.0, ""mild"": 1.0, ""barley"": 2.0, ""malty"": 1.0, ""sugar"": 1.0, ""tobacco"": 1.0, ""vanilla"": 3.0, ""creamy"": 2.0, ""smokey"": 2.0, ""sweet"": 4.0, ""caramel"": 1.0}","{""fruity"": 0.0, ""sweet"": 9.0, ""spicy"": 0.0, ""smoky_peaty"": 2.0, ""oak_cask"": 1.0, ""floral_herbal"": 0.0, ""malty_cereal"": 7.0}","[""sweet"", ""vanilla"", ""barley"", ""creamy"", ""smokey""]",production_data.csv,high,53.81,86.8695652173913,India,Auto-matched securely
W000117,amrut kadhambam,Amrut Kadhambam,100,exact,"{""cherry"": 1.0, ""fruity"": 2.0, ""orange"": 2.0, ""raisins"": 2.0, ""old"": 2.0, ""chocolate"": 10.0, ""cocoa"": 2.0, ""toffee"": 2.0, ""coffee"": 2.0, ""vanilla"": 3.0, ""sherry"": 4.0, ""bitter"": 2.0, ""oak"": 2.0, ""rich"": 4.0, ""salty"": 4.0, ""sweet"": 2.0, ""amber"": 3.0, ""caramel"": 2.0}","{""fruity"": 7.0, ""sweet"": 21.0, ""spicy"": 0.0, ""smoky_peaty"": 0.0, ""oak_cask"": 4.0, ""floral_herbal"": 0.0, ""malty_cereal"": 19.0}","[""chocolate"", ""sherry"", ""rich"", ""salty"", ""vanilla""]",production_data.csv,high,,89.83333333333333,India,Auto-matched securely
W000089,amrut portonova,Amrut Portonova,100,exact,"{""raisins"": 2.0, ""old"": 2.0, ""chocolate"": 2.0, ""tobacco"": 2.0, ""sherry"": 2.0, ""bitter"": 2.0, ""rich"": 2.0, ""spicy"": 1.0, ""sweet"": 3.0, ""caramel"": 1.0}","{""fruity"": 2.0, ""sweet"": 6.0, ""spicy"": 1.0, ""smoky_peaty"": 0.0, ""oak_cask"": 2.0, ""floral_herbal"": 0.0, ""malty_cereal"": 8.0}","[""sweet"", ""raisins"", ""old"", ""chocolate"", ""tobacco""]",production_data.csv,high,58.57000000000001,91.625,India,Auto-matched securely
W000822,amrut indian single malt,Amrut Single Malt Whisky,100,fuzzy,"{""fruity"": 1.0, ""malty"": 2.0, ""bitter"": 2.0, ""sweet"": 1.0}","{""fruity"": 1.0, ""sweet"": 1.0, ""spicy"": 0.0, ""smoky_peaty"": 0.0, ""oak_cask"": 0.0, ""floral_herbal"": 0.0, ""malty_cereal"": 4.0}","[""malty"", ""bitter"", ""fruity"", ""sweet""]",production_data.csv,high,42.5,84.28571428571429,India,Auto-matched securely
W001151,ancnoc rutter,AnCnoc Rutter,100,exact,"{""apple"": 2.0, ""earthy"": 2.0, ""light"": 4.0, ""floral"": 1.0, ""spices"": 1.0}","{""fruity"": 2.0, ""sweet"": 0.0, ""spicy"": 1.0, ""smoky_peaty"": 0.0, ""oak_cask"": 2.0, ""floral_herbal"": 1.0, ""malty_cereal"": 4.0}","[""light"", ""apple"", ""earthy"", ""floral"", ""spices""]",production_data.csv,high,68.33333333333333,85.11111111111111,Speyside,Auto-matched securely
W001654,angel's envy cask strength,Angel's Envy Cask Strength,100,exact,"{""dry"": 2.0, ""mild"": 2.0, ""butterscotch"": 1.0, ""sugar"": 4.0, ""bitter"": 10.0, ""oak"": 4.0, ""sweet"": 6.0, ""brown"": 2.0, ""caramel"": 2.0}","{""fruity"": 0.0, ""sweet"": 13.0, ""spicy"": 0.0, ""smoky_peaty"": 0.0, ""oak_cask"": 4.0, ""floral_herbal"": 0.0, ""malty_cereal"": 16.0}","[""bitter"", ""sweet"", ""sugar"", ""oak"", ""dry""]",production_data.csv,high,180.0,87.28571428571429,Bourbon,Auto-matched securely
W001112,ardbeg alligator,Ardbeg Alligator,100,exact,"{""orange"": 2.0, ""dry"": 10.0, ""earthy"": 1.0, ""cinnamon"": 3.0, ""honey"": 1.0, ""toffee"": 3.0, ""coffee"": 1.0, ""licorice"": 1.0, ""peaty"": 2.0, ""sugar"": 1.0, ""tobacco"": 2.0, ""vanilla"": 4.0, ""wood"": 9.0, ""sherry"": 4.0, ""bitter"": 6.0, ""herbal"": 2.0, ""maple"": 2.0, ""salty"": 7.0, ""sweet"": 6.0, ""brown"": 2.0, ""caramel"": 2.0}","{""fruity"": 2.0, ""sweet"": 19.0, ""spicy"": 4.0, ""smoky_peaty"": 2.0, ""oak_cask"": 13.0, ""floral_herbal"": 2.0, ""malty_cereal"": 29.0}","[""dry"", ""wood"", ""salty"", ""bitter"", ""sweet""]",production_data.csv,high,141.0,88.625,Islay,Auto-matched securely
W001116,ardbeg ardbog,Ardbeg Ardbog,100,exact,"{""earthy"": 2.0, ""heavy"": 2.0, ""honey"": 2.0, ""sweet"": 1.0, ""brown"": 1.0}","{""fruity"": 0.0, ""sweet"": 3.0, ""spicy"": 0.0, ""smoky_peaty"": 0.0, ""oak_cask"": 2.0, ""floral_herbal"": 0.0, ""malty_cereal"": 3.0}","[""earthy"", ""heavy"", ""honey"", ""sweet"", ""brown""]",production_data.csv,high,107.49117647058824,89.35135135135135,Islay,Auto-matched securely
W001164,ardbeg auriverdes,Ardbeg Auriverdes,100,exact,"{""orange"": 2.0, ""dry"": 10.0, ""earthy"": 1.0, ""cinnamon"": 3.0, ""honey"": 1.0, ""toffee"": 3.0, ""coffee"": 1.0, ""licorice"": 1.0, ""peaty"": 2.0, ""sugar"": 1.0, ""tobacco"": 2.0, ""vanilla"": 4.0, ""wood"": 9.0, ""sherry"": 4.0, ""bitter"": 6.0, ""herbal"": 2.0, ""maple"": 2.0, ""salty"": 7.0, ""sweet"": 6.0, ""brown"": 2.0, ""caramel"": 2.0}","{""fruity"": 2.0, ""sweet"": 19.0, ""spicy"": 4.0, ""smoky_peaty"": 2.0, ""oak_cask"": 13.0, ""floral_herbal"": 2.0, ""malty_cereal"": 29.0}","[""dry"", ""wood"", ""salty"", ""bitter"", ""sweet""]",production_data.csv,high,100.2,83.54545454545455,Islay,Auto-matched securely
W001109,ardbeg corryvreckan,Ardbeg Corryvreckan,100,exact,"{""citrus"": 3.0, ""lemon"": 1.0, ""orange"": 2.0, ""complex"": 4.0, ""light"": 5.0, ""smooth"": 1.0, ""peaty"": 4.0, ""vanilla"": 3.0, ""sherry"": 2.0, ""brine"": 2.0, ""salty"": 3.0, ""sweet"": 3.0, ""caramel"": 1.0}","{""fruity"": 6.0, ""sweet"": 7.0, ""spicy"": 0.0, ""smoky_peaty"": 4.0, ""oak_cask"": 0.0, ""floral_herbal"": 0.0, ""malty_cereal"": 17.0}","[""light"", ""complex"", ""peaty"", ""citrus"", ""vanilla""]",production_data.csv,high,66.00842105263159,90.50746268656717,Islay,Auto-matched securely
W001148,ardbeg dark cove,Ardbeg Day,95,fuzzy,"{""citrus"": 1.0, ""fruity"": 2.0, ""lemon"": 4.0, ""orange"": 10.0, ""honey"": 2.0, ""peaty"": 2.0, ""vanilla"": 6.0, ""wood"": 4.0, ""sherry"": 8.0, ""brine"": 1.0, ""salty"": 2.0, ""sweet"": 4.0}","{""fruity"": 17.0, ""sweet"": 12.0, ""spicy"": 0.0, ""smoky_peaty"": 2.0, ""oak_cask"": 4.0, ""floral_herbal"": 0.0, ""malty_cereal"": 11.0}","[""orange"", ""sherry"", ""vanilla"", ""lemon"", ""wood""]",production_data.csv,high,242.5,90.55555555555556,Islay,Auto-matched securely
W000251,ardbeg galileo,Ardbeg Galileo,100,exact,"{""orange"": 2.0, ""dry"": 10.0, ""earthy"": 1.0, ""cinnamon"": 3.0, ""honey"": 1.0, ""toffee"": 3.0, ""coffee"": 1.0, ""licorice"": 1.0, ""peaty"": 2.0, ""sugar"": 1.0, ""tobacco"": 2.0, ""vanilla"": 4.0, ""wood"": 9.0, ""sherry"": 4.0, ""bitter"": 6.0, ""herbal"": 2.0, ""maple"": 2.0, ""salty"": 7.0, ""sweet"": 6.0, ""brown"": 2.0, ""caramel"": 2.0}","{""fruity"": 2.0, ""sweet"": 19.0, ""spicy"": 4.0, ""smoky_peaty"": 2.0, ""oak_cask"": 13.0, ""floral_herbal"": 2.0, ""malty_cereal"": 29.0}","[""dry"", ""wood"", ""salty"", ""bitter"", ""sweet""]",production_data.csv,high,102.17647058823528,88.33333333333333,Islay,Auto-matched securely
W001095,ardbeg uigeadail,Ardbeg Uigeadail,100,exact,"{""cherry"": 2.0, ""dry"": 2.0, ""chocolate"": 6.0, ""wood"": 4.0, ""sherry"": 4.0, ""sweet"": 2.0}","{""fruity"": 2.0, ""sweet"": 8.0, ""spicy"": 0.0, ""smoky_peaty"": 0.0, ""oak_cask"": 4.0, ""floral_herbal"": 0.0, ""malty_cereal"": 6.0}","[""chocolate"", ""wood"", ""sherry"", ""cherry"", ""dry""]",production_data.csv,high,63.82053191489362,92.09016393442624,Islay,Auto-matched securely
W000196,arran malt amarone cask finish,Arran Amarone Cask Finish,100,fuzzy,"{""fruity"": 4.0, ""orange"": 2.0, ""pear"": 1.0, ""raisins"": 1.0, ""complex"": 2.0, ""chocolate"": 3.0, ""honey"": 2.0, ""vanilla"": 3.0, ""sherry"": 1.0, ""oak"": 7.0, ""sweet"": 4.0, ""caramel"": 1.0}","{""fruity"": 8.0, ""sweet"": 13.0, ""spicy"": 0.0, ""smoky_peaty"": 0.0, ""oak_cask"": 7.0, ""floral_herbal"": 0.0, ""malty_cereal"": 3.0}","[""oak"", ""fruity"", ""sweet"", ""chocolate"", ""vanilla""]",production_data.csv,high,40.736,82.14285714285714,Island ,Auto-matched securely
W000267,arran malt port cask finish,Arran Port Cask Finish,100,fuzzy,"{""cherry"": 8.0, ""fruity"": 1.0, ""lemon"": 3.0, ""raisins"": 3.0, ""balanced"": 1.0, ""dry"": 3.0, ""mild"": 5.0, ""old"": 7.0, ""chocolate"": 5.0, ""cinnamon"": 5.0, ""toffee"": 7.0, ""coffee"": 2.0, ""nutmeg"": 3.0, ""peaty"": 8.0, ""spices"": 1.0, ""sugar"": 1.0, ""tobacco"": 1.0, ""wood"": 1.0, ""sherry"": 9.0, ""bitter"": 4.0, ""creamy"": 4.0, ""salty"": 1.0, ""smokey"": 2.0, ""sweet"": 19.0, ""green"": 2.0}","{""fruity"": 15.0, ""sweet"": 32.0, ""spicy"": 9.0, ""smoky_peaty"": 10.0, ""oak_cask"": 4.0, ""floral_herbal"": 2.0, ""malty_cereal"": 34.0}","[""sweet"", ""sherry"", ""cherry"", ""peaty"", ""old""]",production_data.csv,high,45.197500000000005,75.5,Island,Auto-matched securely
W000316,arran malt sherry single cask,Arran Sherry Single Cask,100,fuzzy,"{""banana"": 2.0, ""cherry"": 1.0, ""citrus"": 2.0, ""fruity"": 4.0, ""lemon"": 4.0, ""pear"": 1.0, ""balanced"": 6.0, ""dry"": 4.0, ""light"": 7.0, ""old"": 8.0, ""barley"": 2.0, ""buttery"": 2.0, ""chocolate"": 3.0, ""cocoa"": 2.0, ""clove"": 1.0, ""peppery"": 2.0, ""sugar"": 5.0, ""vanilla"": 8.0, ""wood"": 3.0, ""sherry"": 21.0, ""bitter"": 2.0, ""creamy"": 1.0, ""nutty"": 3.0, ""oak"": 23.0, ""rich"": 4.0, ""salty"": 13.0}","{""fruity"": 14.0, ""sweet"": 20.0, ""spicy"": 3.0, ""smoky_peaty"": 0.0, ""oak_cask"": 29.0, ""floral_herbal"": 0.0, ""malty_cereal"": 68.0}","[""oak"", ""sherry"", ""salty"", ""old"", ""vanilla""]",production_data.csv,high,82.16666666666667,88.0,Island ,Auto-matched securely
W000019,auchentoshan american oak,Auchentoshan American Oak,100,exact,"{""lemon"": 1.0, ""balanced"": 2.0, ""dry"": 2.0, ""candy"": 1.0, ""vanilla"": 2.0, ""oak"": 4.0}","{""fruity"": 1.0, ""sweet"": 3.0, ""spicy"": 0.0, ""smoky_peaty"": 0.0, ""oak_cask"": 4.0, ""floral_herbal"": 0.0, ""malty_cereal"": 4.0}","[""oak"", ""balanced"", ""dry"", ""vanilla"", ""lemon""]",production_data.csv,high,26.846666666666664,72.33333333333333,Lowland,Auto-matched securely
W000886,auchentoshan classic,Auchentoshan Classic,100,exact,"{""citrus"": 2.0, ""lemon"": 1.0, ""dry"": 2.0}","{""fruity"": 3.0, ""sweet"": 0.0, ""spicy"": 0.0, ""smoky_peaty"": 0.0, ""oak_cask"": 0.0, ""floral_herbal"": 0.0, ""malty_cereal"": 2.0}","[""citrus"", ""dry"", ""lemon""]",production_data.csv,high,27.296,75.875,Lowland,Auto-matched securely
W000370,auchentoshan three wood,Auchentoshan Three Wood,100,exact,"{""fruity"": 2.0, ""smooth"": 2.0, ""sugar"": 2.0, ""wood"": 4.0, ""sherry"": 4.0, ""smokey"": 2.0, ""sweet"": 3.0, ""brown"": 2.0}","{""fruity"": 2.0, ""sweet"": 5.0, ""spicy"": 0.0, ""smoky_peaty"": 2.0, ""oak_cask"": 4.0, ""floral_herbal"": 0.0, ""malty_cereal"": 8.0}","[""wood"", ""sherry"", ""sweet"", ""fruity"", ""smooth""]",production_data.csv,high,59.583333333333336,82.82926829268293,Lowland,Auto-matched securely
W000815,auchentoshan valinch,Auchentoshan Valinch,100,exact,"{""apple"": 4.0, ""dry"": 2.0, ""old"": 2.0, ""cinnamon"": 1.0, ""bitter"": 2.0, ""sweet"": 2.0, ""green"": 2.0}","{""fruity"": 4.0, ""sweet"": 2.0, ""spicy"": 1.0, ""smoky_peaty"": 0.0, ""oak_cask"": 0.0, ""floral_herbal"": 2.0, ""malty_cereal"": 6.0}","[""apple"", ""dry"", ""old"", ""bitter"", ""sweet""]",production_data.csv,high,45.967894736842105,83.25,Lowland,Auto-matched securely
W001786,balcones baby blue,Balcones Baby Blue,100,exact,{},"{""fruity"": 0.0, ""sweet"": 0.0, ""spicy"": 0.0, ""smoky_peaty"": 0.0, ""oak_cask"": 0.0, ""floral_herbal"": 0.0, ""malty_cereal"": 0.0}",[],production_data.csv,high,55.0,80.5,American,Auto-matched securely
W000530,balcones texas single malt whisky,Balcones Texas Single Malt,100,exact,"{""citrus"": 2.0, ""balanced"": 2.0, ""light"": 4.0, ""lingering"": 2.0, ""mellow"": 2.0, ""cinnamon"": 1.0, ""cocoa"": 1.0, ""corn"": 6.0, ""honey"": 1.0, ""malty"": 1.0, ""sugar"": 3.0, ""vanilla"": 3.0, ""wood"": 4.0, ""creamy"": 4.0, ""oak"": 4.0, ""rich"": 4.0, ""salty"": 2.0, ""sour"": 2.0, ""sweet"": 18.0, ""amber"": 1.0, ""caramel"": 2.0}","{""fruity"": 2.0, ""sweet"": 28.0, ""spicy"": 1.0, ""smoky_peaty"": 0.0, ""oak_cask"": 8.0, ""floral_herbal"": 0.0, ""malty_cereal"": 30.0}","[""sweet"", ""corn"", ""light"", ""wood"", ""creamy""]",production_data.csv,high,60.66666666666666,85.375,American,Auto-matched securely
W001351,ballantine's finest,Ballantine's Finest,100,exact,"{""vanilla"": 2.0, ""sweet"": 1.0}","{""fruity"": 0.0, ""sweet"": 3.0, ""spicy"": 0.0, ""smoky_peaty"": 0.0, ""oak_cask"": 0.0, ""floral_herbal"": 0.0, ""malty_cereal"": 0.0}","[""vanilla"", ""sweet""]",production_data.csv,high,17.05333333333333,71.85714285714286,Blend,Auto-matched securely
W000791,benromach traditional,Benromach Traditional,100,exact,"{""citrus"": 1.0, ""fruity"": 2.0, ""raisins"": 1.0, ""balanced"": 1.0, ""light"": 2.0, ""lingering"": 1.0, ""mellow"": 2.0, ""chocolate"": 1.0, ""honey"": 1.0, ""toffee"": 1.0, ""floral"": 4.0, ""peaty"": 2.0, ""sugar"": 1.0, ""vanilla"": 2.0, ""sherry"": 6.0, ""smokey"": 1.0, ""sweet"": 6.0, ""brown"": 2.0}","{""fruity"": 4.0, ""sweet"": 12.0, ""spicy"": 0.0, ""smoky_peaty"": 3.0, ""oak_cask"": 0.0, ""floral_herbal"": 4.0, ""malty_cereal"": 14.0}","[""sherry"", ""sweet"", ""floral"", ""fruity"", ""light""]",production_data.csv,high,36.0,79.83333333333333,Speyside,Auto-matched securely
W001331,famous grouse smoky black (black grouse),Black Grouse,100,fuzzy,"{""fruity"": 2.0, ""light"": 2.0, ""mellow"": 2.0, ""honey"": 2.0, ""vanilla"": 3.0, ""spicy"": 4.0}","{""fruity"": 2.0, ""sweet"": 5.0, ""spicy"": 4.0, ""smoky_peaty"": 0.0, ""oak_cask"": 0.0, ""floral_herbal"": 0.0, ""malty_cereal"": 4.0}","[""spicy"", ""vanilla"", ""fruity"", ""light"", ""mellow""]",production_data.csv,high,26.4,70.25,Blend,Auto-matched securely
W001090,bowmore legend,Bowmore Legend,100,exact,"{""fruity"": 1.0, ""lemon"": 2.0, ""pear"": 2.0, ""dry"": 1.0, ""cocoa"": 1.0, ""roses"": 1.0, ""nutty"": 1.0, ""sour"": 3.0}","{""fruity"": 5.0, ""sweet"": 1.0, ""spicy"": 0.0, ""smoky_peaty"": 0.0, ""oak_cask"": 1.0, ""floral_herbal"": 1.0, ""malty_cereal"": 4.0}","[""sour"", ""lemon"", ""pear"", ""fruity"", ""dry""]",production_data.csv,high,24.96923076923077,64.41176470588235,Islay,Auto-matched securely
W001019,bruichladdich islay barley (all vintages),Bruichladdich Islay Barley 2006,100,fuzzy,"{""cherry"": 1.0, ""fruity"": 1.0, ""lemon"": 3.0, ""orange"": 5.0, ""barley"": 6.0, ""honey"": 2.0, ""toffee"": 5.0, ""coffee"": 2.0, ""malty"": 2.0, ""vanilla"": 12.0, ""wood"": 1.0, ""creamy"": 5.0, ""sweet"": 8.0, ""green"": 5.0, ""caramel"": 1.0}","{""fruity"": 10.0, ""sweet"": 28.0, ""spicy"": 0.0, ""smoky_peaty"": 0.0, ""oak_cask"": 3.0, ""floral_herbal"": 5.0, ""malty_cereal"": 13.0}","[""vanilla"", ""sweet"", ""barley"", ""orange"", ""toffee""]",production_data.csv,high,61.726,83.88888888888889,Islay,Auto-matched securely
W000992,bruichladdich port charlotte an turas mor,Bruichladdich Port Charlotte An Turas Mor,100,exact,"{""old"": 2.0, ""honey"": 2.0, ""licorice"": 1.0, ""sour"": 6.0, ""sweet"": 1.0}","{""fruity"": 0.0, ""sweet"": 3.0, ""spicy"": 1.0, ""smoky_peaty"": 0.0, ""oak_cask"": 0.0, ""floral_herbal"": 0.0, ""malty_cereal"": 8.0}","[""sour"", ""old"", ""honey"", ""licorice"", ""sweet""]",production_data.csv,high,53.2275,84.58823529411765,Islay,Auto-matched securely
W001218,bruichladdich port charlotte the peat project,Bruichladdich Port Charlotte The Peat Project,100,exact,"{""fruity"": 2.0, ""lemon"": 6.0, ""zest"": 1.0, ""complex"": 1.0, ""barley"": 2.0, ""buttery"": 2.0, ""butterscotch"": 1.0, ""candy"": 2.0, ""chocolate"": 1.0, ""floral"": 3.0, ""tobacco"": 1.0, ""vanilla"": 2.0, ""sherry"": 2.0, ""oak"": 2.0, ""salty"": 2.0, ""spicy"": 2.0, ""caramel"": 1.0}","{""fruity"": 9.0, ""sweet"": 9.0, ""spicy"": 2.0, ""smoky_peaty"": 0.0, ""oak_cask"": 3.0, ""floral_herbal"": 3.0, ""malty_cereal"": 7.0}","[""lemon"", ""floral"", ""fruity"", ""barley"", ""buttery""]",production_data.csv,high,42.352222222222224,82.38461538461539,Islay,Auto-matched securely
W000940,bruichladdich port charlotte pc10 tro na linntean,Bruichladdich Port Charlotte Tro Na Linntean,100,fuzzy,"{""lemon"": 2.0, ""pear"": 1.0, ""complex"": 2.0, ""lingering"": 2.0, ""buttery"": 2.0, ""cinnamon"": 2.0, ""honey"": 1.0, ""peppery"": 1.0, ""sugar"": 1.0, ""vanilla"": 2.0, ""nutty"": 1.0, ""oak"": 2.0, ""salty"": 4.0, ""sweet"": 2.0, ""brown"": 2.0, ""caramel"": 1.0}","{""fruity"": 3.0, ""sweet"": 9.0, ""spicy"": 3.0, ""smoky_peaty"": 0.0, ""oak_cask"": 3.0, ""floral_herbal"": 0.0, ""malty_cereal"": 10.0}","[""salty"", ""lemon"", ""complex"", ""lingering"", ""buttery""]",production_data.csv,high,,91.33333333333331,Islay,Auto-matched securely
W000346,bruichladdich rocks,Bruichladdich Rocks,100,exact,"{""raisins"": 1.0, ""earthy"": 4.0, ""light"": 2.0, ""butterscotch"": 4.0, ""honey"": 1.0, ""vanilla"": 4.0, ""wood"": 3.0, ""sweet"": 2.0, ""caramel"": 1.0}","{""fruity"": 1.0, ""sweet"": 12.0, ""spicy"": 0.0, ""smoky_peaty"": 0.0, ""oak_cask"": 7.0, ""floral_herbal"": 0.0, ""malty_cereal"": 2.0}","[""earthy"", ""butterscotch"", ""vanilla"", ""wood"", ""light""]",production_data.csv,high,45.07142857142857,83.36363636363636,Islay,Auto-matched securely
W001520,bulleit rye,Bulleit Rye,100,exact,"{""orange"": 2.0, ""dry"": 3.0, ""old"": 4.0, ""smooth"": 2.0, ""cinnamon"": 2.0, ""tea"": 1.0, ""wood"": 4.0, ""oak"": 2.0, ""rich"": 2.0, ""green"": 2.0}","{""fruity"": 2.0, ""sweet"": 0.0, ""spicy"": 2.0, ""smoky_peaty"": 0.0, ""oak_cask"": 6.0, ""floral_herbal"": 3.0, ""malty_cereal"": 11.0}","[""old"", ""wood"", ""dry"", ""orange"", ""smooth""]",production_data.csv,high,25.05413793103448,84.68571428571428,Rye,Auto-matched securely
W000353,bushmills black bush,Bushmills Black Bush,100,exact,"{""smooth"": 2.0, ""toffee"": 1.0, ""vanilla"": 2.0, ""amber"": 2.0, ""caramel"": 1.0}","{""fruity"": 0.0, ""sweet"": 4.0, ""spicy"": 0.0, ""smoky_peaty"": 0.0, ""oak_cask"": 0.0, ""floral_herbal"": 0.0, ""malty_cereal"": 4.0}","[""smooth"", ""vanilla"", ""amber"", ""toffee"", ""caramel""]",production_data.csv,high,21.793333333333333,81.16666666666667,Irish,Auto-matched securely
W001347,bushmills original blended,Bushmills Original,100,fuzzy,"{""lemon"": 4.0, ""orange"": 1.0, ""dry"": 1.0, ""light"": 2.0, ""honey"": 2.0, ""vanilla"": 4.0, ""herbal"": 2.0, ""oak"": 2.0, ""sweet"": 2.0}","{""fruity"": 5.0, ""sweet"": 8.0, ""spicy"": 0.0, ""smoky_peaty"": 0.0, ""oak_cask"": 2.0, ""floral_herbal"": 2.0, ""malty_cereal"": 3.0}","[""lemon"", ""vanilla"", ""light"", ""honey"", ""herbal""]",production_data.csv,high,19.08,69.375,Irish,Auto-matched securely
W001204,caol ila distiller's edition (all editions),Caol Ila Distiller's Edition,100,exact,"{""zest"": 1.0, ""complex"": 2.0, ""light"": 2.0, ""lingering"": 2.0, ""sherry"": 2.0, ""rich"": 2.0, ""sweet"": 1.0, ""caramel"": 3.0}","{""fruity"": 1.0, ""sweet"": 4.0, ""spicy"": 0.0, ""smoky_peaty"": 0.0, ""oak_cask"": 0.0, ""floral_herbal"": 0.0, ""malty_cereal"": 10.0}","[""caramel"", ""complex"", ""light"", ""lingering"", ""sherry""]",production_data.csv,high,50.333333333333336,86.9,Islay,Auto-matched securely
W001669,colonel e.h. taylor single barrel,Colonel E.H. Taylor Single Barrel,100,exact,"{""cherry"": 1.0, ""citrus"": 1.0, ""fruity"": 2.0, ""cinnamon"": 2.0, ""cocoa"": 1.0, ""sugar"": 2.0, ""tobacco"": 1.0, ""vanilla"": 2.0, ""bitter"": 2.0, ""oak"": 3.0, ""sweet"": 6.0, ""brown"": 4.0, ""caramel"": 2.0}","{""fruity"": 4.0, ""sweet"": 13.0, ""spicy"": 2.0, ""smoky_peaty"": 0.0, ""oak_cask"": 4.0, ""floral_herbal"": 0.0, ""malty_cereal"": 6.0}","[""sweet"", ""brown"", ""oak"", ""fruity"", ""cinnamon""]",production_data.csv,high,61.125,85.33333333333333,Bourbon,Auto-matched securely
W001707,colonel e.h. taylor small batch (bib),Colonel E.H. Taylor Small Batch,100,exact,"{""citrus"": 2.0, ""old"": 2.0, ""candy"": 2.0, ""toffee"": 3.0, ""floral"": 2.0, ""mint"": 3.0, ""sugar"": 1.0, ""vanilla"": 3.0, ""caramel"": 1.0}","{""fruity"": 2.0, ""sweet"": 10.0, ""spicy"": 0.0, ""smoky_peaty"": 0.0, ""oak_cask"": 0.0, ""floral_herbal"": 5.0, ""malty_cereal"": 2.0}","[""toffee"", ""mint"", ""vanilla"", ""citrus"", ""old""]",production_data.csv,high,35.56346153846154,87.85714285714286,Bourbon,Auto-matched securely
W001462,colonel e.h. taylor straight rye,Colonel E.H. Taylor Straight Rye,100,exact,"{""apple"": 2.0, ""citrus"": 2.0, ""lemon"": 1.0, ""orange"": 1.0, ""complex"": 2.0, ""dry"": 3.0, ""old"": 2.0, ""smooth"": 1.0, ""chocolate"": 2.0, ""cocoa"": 1.0, ""clove"": 1.0, ""floral"": 2.0, ""licorice"": 1.0, ""mint"": 2.0, ""tobacco"": 2.0, ""wood"": 2.0, ""bitter"": 2.0, ""oak"": 4.0, ""sour"": 2.0, ""caramel"": 1.0}","{""fruity"": 6.0, ""sweet"": 4.0, ""spicy"": 2.0, ""smoky_peaty"": 0.0, ""oak_cask"": 8.0, ""floral_herbal"": 4.0, ""malty_cereal"": 12.0}","[""oak"", ""dry"", ""apple"", ""citrus"", ""complex""]",production_data.csv,high,70.54545454545455,89.21052631578948,Rye,Auto-matched securely
W001300,compass box asyla,Compass Box Asyla,100,exact,"{""banana"": 1.0, ""honey"": 3.0, ""tea"": 2.0, ""floral"": 6.0, ""vanilla"": 3.0, ""herbal"": 2.0, ""oak"": 7.0, ""sweet"": 4.0, ""green"": 7.0}","{""fruity"": 1.0, ""sweet"": 10.0, ""spicy"": 0.0, ""smoky_peaty"": 0.0, ""oak_cask"": 7.0, ""floral_herbal"": 17.0, ""malty_cereal"": 0.0}","[""oak"", ""green"", ""floral"", ""sweet"", ""honey""]",production_data.csv,high,43.42857142857143,76.28571428571429,Blend,Auto-matched securely
W001257,compass box great king st artist's blend,Compass Box Great King St. Artist's Blend,100,exact,"{""earthy"": 1.0, ""old"": 2.0, ""floral"": 4.0, ""sugar"": 1.0, ""vanilla"": 2.0, ""sherry"": 2.0, ""oak"": 2.0}","{""fruity"": 0.0, ""sweet"": 3.0, ""spicy"": 0.0, ""smoky_peaty"": 0.0, ""oak_cask"": 3.0, ""floral_herbal"": 4.0, ""malty_cereal"": 4.0}","[""floral"", ""old"", ""vanilla"", ""sherry"", ""oak""]",production_data.csv,high,31.99111111111112,80.46153846153847,Blend,Auto-matched securely
W000544,compass box oak cross,Compass Box Oak Cross,100,exact,"{""apple"": 4.0, ""fruity"": 2.0, ""pear"": 2.0, ""light"": 12.0, ""smooth"": 1.0, ""toffee"": 3.0, ""coffee"": 1.0, ""bitter"": 2.0, ""creamy"": 1.0, ""oak"": 4.0, ""sweet"": 1.0}","{""fruity"": 8.0, ""sweet"": 4.0, ""spicy"": 0.0, ""smoky_peaty"": 0.0, ""oak_cask"": 5.0, ""floral_herbal"": 0.0, ""malty_cereal"": 16.0}","[""light"", ""apple"", ""oak"", ""toffee"", ""fruity""]",production_data.csv,high,46.69125,79.5625,Blend,Auto-matched securely
W001081,connemara peated single malt,Connemara Peated,100,fuzzy,"{""light"": 4.0, ""honey"": 2.0, ""sugar"": 1.0, ""oak"": 1.0, ""sweet"": 1.0}","{""fruity"": 0.0, ""sweet"": 4.0, ""spicy"": 0.0, ""smoky_peaty"": 0.0, ""oak_cask"": 1.0, ""floral_herbal"": 0.0, ""malty_cereal"": 4.0}","[""light"", ""honey"", ""sugar"", ""oak"", ""sweet""]",production_data.csv,high,18.77,75.0,Irish,Auto-matched securely
W000360,dalmore king alexander iii,Dalmore 1263 King Alexander III,100,fuzzy,"{""orange"": 2.0, ""raisins"": 1.0, ""earthy"": 2.0, ""smooth"": 1.0, ""barley"": 1.0, ""chocolate"": 2.0, ""tobacco"": 1.0, ""vanilla"": 1.0, ""oak"": 3.0, ""caramel"": 2.0}","{""fruity"": 3.0, ""sweet"": 5.0, ""spicy"": 0.0, ""smoky_peaty"": 0.0, ""oak_cask"": 6.0, ""floral_herbal"": 0.0, ""malty_cereal"": 2.0}","[""oak"", ""orange"", ""earthy"", ""chocolate"", ""caramel""]",production_data.csv,high,191.66666666666663,90.0,Highland ,Auto-matched securely
W000866,deanston virgin oak,Deanston Virgin Oak,100,exact,"{""citrus"": 2.0, ""fruity"": 2.0, ""lemon"": 2.0, ""orange"": 1.0, ""zest"": 2.0, ""barley"": 2.0, ""honey"": 1.0, ""oak"": 6.0, ""green"": 2.0}","{""fruity"": 9.0, ""sweet"": 1.0, ""spicy"": 0.0, ""smoky_peaty"": 0.0, ""oak_cask"": 6.0, ""floral_herbal"": 2.0, ""malty_cereal"": 2.0}","[""oak"", ""citrus"", ""fruity"", ""lemon"", ""zest""]",production_data.csv,high,18.1625,74.61538461538461,Highland ,Auto-matched securely
W001358,dewar's white label,Dewar's White Label,100,exact,"{""tea"": 3.0, ""wood"": 1.0}","{""fruity"": 0.0, ""sweet"": 0.0, ""spicy"": 0.0, ""smoky_peaty"": 0.0, ""oak_cask"": 1.0, ""floral_herbal"": 3.0, ""malty_cereal"": 0.0}","[""tea"", ""wood""]",production_data.csv,high,17.708333333333332,59.125,Blend,Auto-matched securely
W001808,evan williams (black label),Evan Williams Black Label,100,fuzzy,"{""earthy"": 1.0, ""light"": 2.0, ""candy"": 1.0, ""chocolate"": 1.0, ""cinnamon"": 2.0, ""toffee"": 1.0, ""mint"": 2.0, ""vanilla"": 1.0, ""bitter"": 4.0, ""creamy"": 1.0, ""nutty"": 1.0, ""oak"": 5.0, ""spicy"": 2.0, ""sweet"": 4.0, ""green"": 2.0, ""caramel"": 1.0}","{""fruity"": 0.0, ""sweet"": 9.0, ""spicy"": 4.0, ""smoky_peaty"": 0.0, ""oak_cask"": 7.0, ""floral_herbal"": 4.0, ""malty_cereal"": 7.0}","[""oak"", ""bitter"", ""sweet"", ""light"", ""cinnamon""]",production_data.csv,high,12.20909090909091,80.86666666666666,Bourbon,Auto-matched securely
W001221,finlaggan old reserve,Finlaggan Old Reserve,100,exact,"{""complex"": 2.0, ""old"": 2.0}","{""fruity"": 0.0, ""sweet"": 0.0, ""spicy"": 0.0, ""smoky_peaty"": 0.0, ""oak_cask"": 0.0, ""floral_herbal"": 0.0, ""malty_cereal"": 4.0}","[""complex"", ""old""]",production_data.csv,high,20.47272727272728,84.22222222222223,Islay,Auto-matched securely
W001537,forty creek barrel select,Forty Creek Barrel Select,100,exact,"{""corn"": 3.0, ""vanilla"": 1.0, ""creamy"": 2.0, ""sweet"": 8.0, ""amber"": 2.0}","{""fruity"": 0.0, ""sweet"": 9.0, ""spicy"": 0.0, ""smoky_peaty"": 0.0, ""oak_cask"": 0.0, ""floral_herbal"": 0.0, ""malty_cereal"": 7.0}","[""sweet"", ""corn"", ""creamy"", ""amber"", ""vanilla""]",production_data.csv,high,16.585,79.0,Canada,Auto-matched securely
W001484,forty creek copper pot reserve,Forty Creek Copper Pot Reserve,100,exact,"{""heavy"": 4.0, ""light"": 2.0, ""barley"": 6.0, ""butterscotch"": 4.0, ""cinnamon"": 2.0, ""corn"": 8.0, ""toffee"": 1.0, ""sugar"": 3.0, ""vanilla"": 1.0, ""maple"": 2.0, ""rich"": 2.0, ""sweet"": 4.0, ""brown"": 4.0, ""caramel"": 4.0}","{""fruity"": 0.0, ""sweet"": 19.0, ""spicy"": 2.0, ""smoky_peaty"": 0.0, ""oak_cask"": 0.0, ""floral_herbal"": 0.0, ""malty_cereal"": 26.0}","[""corn"", ""barley"", ""heavy"", ""butterscotch"", ""sweet""]",production_data.csv,high,13.39,83.33333333333333,Canada,Auto-matched securely
W001799,four roses (yellow label),Four Roses Single Barrel Private Selection OBSF,100,fuzzy,"{""citrus"": 2.0, ""fruity"": 2.0, ""zest"": 1.0, ""smooth"": 1.0, ""candy"": 1.0, ""chocolate"": 2.0, ""cocoa"": 1.0, ""toffee"": 1.0, ""nutmeg"": 1.0, ""peppery"": 2.0, ""roses"": 4.0, ""vanilla"": 3.0, ""creamy"": 2.0, ""oak"": 4.0, ""rich"": 1.0, ""spicy"": 1.0, ""caramel"": 2.0}","{""fruity"": 5.0, ""sweet"": 10.0, ""spicy"": 4.0, ""smoky_peaty"": 0.0, ""oak_cask"": 4.0, ""floral_herbal"": 4.0, ""malty_cereal"": 4.0}","[""roses"", ""oak"", ""vanilla"", ""citrus"", ""fruity""]",production_data.csv,high,57.71428571428572,90.36363636363636,Bourbon,Auto-matched securely
W001814,jack daniel's gentleman jack,Gentleman Jack,100,fuzzy,"{""cherry"": 1.0, ""light"": 4.0, ""lingering"": 2.0, ""mellow"": 2.0, ""old"": 2.0, ""buttery"": 2.0, ""corn"": 2.0, ""spices"": 2.0, ""sugar"": 7.0, ""vanilla"": 3.0, ""wood"": 5.0, ""oak"": 9.0, ""sweet"": 5.0, ""amber"": 4.0, ""brown"": 2.0, ""caramel"": 2.0}","{""fruity"": 1.0, ""sweet"": 19.0, ""spicy"": 2.0, ""smoky_peaty"": 0.0, ""oak_cask"": 14.0, ""floral_herbal"": 0.0, ""malty_cereal"": 18.0}","[""oak"", ""sugar"", ""wood"", ""sweet"", ""light""]",production_data.csv,high,16.556,62.42857142857143,Tennessee ,Auto-matched securely
W001606,george t stagg,George T Stagg,100,exact,"{""banana"": 1.0, ""raisins"": 1.0, ""light"": 2.0, ""smooth"": 2.0, ""cinnamon"": 5.0, ""vanilla"": 4.0, ""creamy"": 4.0, ""rich"": 5.0, ""sweet"": 3.0, ""caramel"": 3.0}","{""fruity"": 2.0, ""sweet"": 10.0, ""spicy"": 5.0, ""smoky_peaty"": 0.0, ""oak_cask"": 0.0, ""floral_herbal"": 0.0, ""malty_cereal"": 13.0}","[""cinnamon"", ""rich"", ""vanilla"", ""creamy"", ""sweet""]",production_data.csv,high,102.5,94.33333333333331,Bourbon,Auto-matched securely
W000797,glen garioch founder's reserve,Glen Garioch Founder's Reserve,100,exact,"{""pear"": 1.0, ""dry"": 2.0, ""honey"": 2.0, ""vanilla"": 1.0, ""wood"": 1.0, ""ginger"": 2.0, ""sour"": 1.0, ""amber"": 1.0, ""green"": 2.0, ""caramel"": 2.0}","{""fruity"": 1.0, ""sweet"": 5.0, ""spicy"": 2.0, ""smoky_peaty"": 0.0, ""oak_cask"": 1.0, ""floral_herbal"": 2.0, ""malty_cereal"": 4.0}","[""dry"", ""honey"", ""ginger"", ""green"", ""caramel""]",production_data.csv,high,27.575,85.38461538461539,Highland ,Auto-matched securely
W000172,glenfiddich snow phoenix,Glenfiddich Snow Phoenix,100,exact,"{""citrus"": 3.0, ""fruity"": 2.0, ""light"": 2.0, ""mellow"": 2.0, ""floral"": 2.0, ""wood"": 1.0, ""sweet"": 6.0}","{""fruity"": 5.0, ""sweet"": 6.0, ""spicy"": 0.0, ""smoky_peaty"": 0.0, ""oak_cask"": 1.0, ""floral_herbal"": 2.0, ""malty_cereal"": 4.0}","[""sweet"", ""citrus"", ""fruity"", ""light"", ""mellow""]",production_data.csv,high,116.63666666666668,86.16666666666667,Speyside,Auto-matched securely
W000459,glenmorangie astar,Glenmorangie Astar,100,exact,"{""lemon"": 2.0, ""dry"": 1.0, ""old"": 1.0, ""sugar"": 4.0, ""vanilla"": 2.0, ""ginger"": 2.0}","{""fruity"": 2.0, ""sweet"": 6.0, ""spicy"": 2.0, ""smoky_peaty"": 0.0, ""oak_cask"": 0.0, ""floral_herbal"": 0.0, ""malty_cereal"": 2.0}","[""sugar"", ""lemon"", ""vanilla"", ""ginger"", ""dry""]",production_data.csv,high,81.07692307692308,88.25,Highland ,Auto-matched securely
W000160,glenmorangie companta,Glenmorangie Companta,100,exact,"{""dry"": 2.0, ""light"": 2.0, ""old"": 2.0, ""cocoa"": 2.0, ""wood"": 2.0}","{""fruity"": 0.0, ""sweet"": 2.0, ""spicy"": 0.0, ""smoky_peaty"": 0.0, ""oak_cask"": 2.0, ""floral_herbal"": 0.0, ""malty_cereal"": 6.0}","[""dry"", ""light"", ""old"", ""cocoa"", ""wood""]",production_data.csv,high,112.5,86.85714285714286,Highland,Auto-matched securely
W000442,glenmorangie ealanta,Glenmorangie Ealanta,100,exact,"{""honey"": 1.0, ""peppery"": 1.0, ""bitter"": 2.0, ""oak"": 5.0}","{""fruity"": 0.0, ""sweet"": 1.0, ""spicy"": 1.0, ""smoky_peaty"": 0.0, ""oak_cask"": 5.0, ""floral_herbal"": 0.0, ""malty_cereal"": 2.0}","[""oak"", ""bitter"", ""honey"", ""peppery""]",production_data.csv,high,105.21818181818183,89.45454545454545,Highland ,Auto-matched securely
W000344,glenmorangie lasanta,Glenmorangie Lasanta,100,exact,"{""citrus"": 2.0, ""chocolate"": 1.0, ""honey"": 1.0, ""peppery"": 2.0, ""sweet"": 2.0}","{""fruity"": 2.0, ""sweet"": 4.0, ""spicy"": 2.0, ""smoky_peaty"": 0.0, ""oak_cask"": 0.0, ""floral_herbal"": 0.0, ""malty_cereal"": 0.0}","[""citrus"", ""peppery"", ""sweet"", ""chocolate"", ""honey""]",production_data.csv,high,43.3625,77.79545454545455,Highland ,Auto-matched securely
W000213,glenmorangie nectar d'or,Glenmorangie Nectar D'Or,100,exact,"{""lemon"": 2.0, ""honey"": 2.0, ""floral"": 2.0, ""vanilla"": 2.0, ""sherry"": 1.0}","{""fruity"": 2.0, ""sweet"": 4.0, ""spicy"": 0.0, ""smoky_peaty"": 0.0, ""oak_cask"": 0.0, ""floral_herbal"": 2.0, ""malty_cereal"": 1.0}","[""lemon"", ""honey"", ""floral"", ""vanilla"", ""sherry""]",production_data.csv,high,56.92217391304347,83.62264150943396,Highland ,Auto-matched securely
W000281,glenmorangie quinta ruban,Glenmorangie Quinta Ruban,100,exact,"{""complex"": 1.0, ""heavy"": 2.0, ""old"": 1.0, ""tea"": 2.0, ""clove"": 2.0, ""vanilla"": 3.0, ""rich"": 2.0, ""sweet"": 1.0}","{""fruity"": 0.0, ""sweet"": 4.0, ""spicy"": 2.0, ""smoky_peaty"": 0.0, ""oak_cask"": 0.0, ""floral_herbal"": 2.0, ""malty_cereal"": 6.0}","[""vanilla"", ""heavy"", ""tea"", ""clove"", ""rich""]",production_data.csv,high,43.087346938775504,85.125,Highland ,Auto-matched securely
W000097,glenmorangie signet,Glenmorangie Signet,100,exact,"{""citrus"": 2.0, ""orange"": 6.0, ""old"": 3.0, ""chocolate"": 7.0, ""cocoa"": 1.0, ""coffee"": 2.0, ""floral"": 2.0, ""malty"": 2.0, ""sugar"": 1.0, ""wood"": 3.0, ""sherry"": 2.0, ""sweet"": 1.0, ""brown"": 2.0}","{""fruity"": 8.0, ""sweet"": 10.0, ""spicy"": 0.0, ""smoky_peaty"": 0.0, ""oak_cask"": 5.0, ""floral_herbal"": 2.0, ""malty_cereal"": 9.0}","[""chocolate"", ""orange"", ""old"", ""wood"", ""citrus""]",production_data.csv,high,71.05,87.13333333333334,Highland,Auto-matched securely
W000611,glenrothes vintage 1998 (2014),Glenrothes 1998,100,fuzzy,"{""citrus"": 4.0, ""light"": 2.0, ""honey"": 2.0, ""vanilla"": 4.0, ""sweet"": 6.0}","{""fruity"": 4.0, ""sweet"": 12.0, ""spicy"": 0.0, ""smoky_peaty"": 0.0, ""oak_cask"": 0.0, ""floral_herbal"": 0.0, ""malty_cereal"": 2.0}","[""sweet"", ""citrus"", ""vanilla"", ""light"", ""honey""]",production_data.csv,high,48.2625,81.0909090909091,Speyside,Auto-matched securely
W000678,glenrothes select reserve,Glenrothes Select Reserve,100,exact,"{""apple"": 1.0, ""lemon"": 5.0, ""smooth"": 1.0, ""clove"": 1.0, ""creamy"": 2.0, ""sour"": 2.0}","{""fruity"": 6.0, ""sweet"": 0.0, ""spicy"": 1.0, ""smoky_peaty"": 0.0, ""oak_cask"": 0.0, ""floral_herbal"": 0.0, ""malty_cereal"": 5.0}","[""lemon"", ""creamy"", ""sour"", ""apple"", ""smooth""]",production_data.csv,high,39.94285714285714,69.4,Speyside,Auto-matched securely
W001345,grant's family reserve blended,Grant's Family Reserve,100,fuzzy,{},"{""fruity"": 0.0, ""sweet"": 0.0, ""spicy"": 0.0, ""smoky_peaty"": 0.0, ""oak_cask"": 0.0, ""floral_herbal"": 0.0, ""malty_cereal"": 0.0}",[],production_data.csv,high,15.211666666666668,68.85714285714286,Blend,Auto-matched securely
W001384,high west midwinter night’s dram rye,High West A Midwinter Nights Dram,95,fuzzy,"{""light"": 2.0, ""old"": 2.0, ""cinnamon"": 2.0, ""nutmeg"": 1.0, ""sweet"": 6.0, ""caramel"": 1.0}","{""fruity"": 0.0, ""sweet"": 7.0, ""spicy"": 3.0, ""smoky_peaty"": 0.0, ""oak_cask"": 0.0, ""floral_herbal"": 0.0, ""malty_cereal"": 4.0}","[""sweet"", ""light"", ""old"", ""cinnamon"", ""nutmeg""]",production_data.csv,high,63.52928571428571,93.05555555555556,Rye,Auto-matched securely
W000327,highland park dark origins,Highland Park Dark Origins,100,exact,"{""cherry"": 2.0, ""complex"": 1.0, ""sugar"": 2.0, ""vanilla"": 1.0, ""sherry"": 6.0, ""bitter"": 1.0, ""sweet"": 3.0}","{""fruity"": 2.0, ""sweet"": 6.0, ""spicy"": 0.0, ""smoky_peaty"": 0.0, ""oak_cask"": 0.0, ""floral_herbal"": 0.0, ""malty_cereal"": 8.0}","[""sherry"", ""sweet"", ""cherry"", ""sugar"", ""complex""]",production_data.csv,high,87.875,82.82352941176471,Island,Auto-matched securely
W001074,jura superstition,Jura Superstition,100,exact,"{""complex"": 2.0, ""toffee"": 2.0, ""peaty"": 2.0, ""vanilla"": 2.0, ""wood"": 2.0}","{""fruity"": 0.0, ""sweet"": 4.0, ""spicy"": 0.0, ""smoky_peaty"": 2.0, ""oak_cask"": 2.0, ""floral_herbal"": 0.0, ""malty_cereal"": 2.0}","[""complex"", ""toffee"", ""peaty"", ""vanilla"", ""wood""]",production_data.csv,high,37.690625,78.24137931034483,Island ,Auto-matched securely
W001363,j&b rare,J&B Rare,100,exact,"{""apple"": 1.0, ""fruity"": 2.0, ""raisins"": 2.0, ""lingering"": 2.0, ""candy"": 1.0, ""cinnamon"": 1.0, ""nutmeg"": 2.0, ""peppery"": 2.0, ""sugar"": 2.0, ""vanilla"": 1.0, ""sweet"": 4.0}","{""fruity"": 5.0, ""sweet"": 8.0, ""spicy"": 5.0, ""smoky_peaty"": 0.0, ""oak_cask"": 0.0, ""floral_herbal"": 0.0, ""malty_cereal"": 2.0}","[""sweet"", ""fruity"", ""raisins"", ""lingering"", ""nutmeg""]",production_data.csv,high,15.333333333333334,45.333333333333336,Blend,Auto-matched securely
W001748,jim beam bonded,Jim Beam Bonded,100,exact,"{""complex"": 2.0, ""light"": 1.0, ""mellow"": 4.0, ""smooth"": 2.0, ""roses"": 2.0, ""oak"": 3.0, ""sour"": 2.0, ""sweet"": 2.0, ""caramel"": 3.0}","{""fruity"": 0.0, ""sweet"": 5.0, ""spicy"": 0.0, ""smoky_peaty"": 0.0, ""oak_cask"": 3.0, ""floral_herbal"": 2.0, ""malty_cereal"": 11.0}","[""mellow"", ""oak"", ""caramel"", ""complex"", ""smooth""]",production_data.csv,high,23.428571428571427,83.14285714285714,Bourbon,Auto-matched securely
W001809,jim beam devil's cut,Jim Beam Devil's Cut,100,exact,"{""cherry"": 2.0, ""fruity"": 2.0, ""lemon"": 1.0, ""orange"": 5.0, ""earthy"": 2.0, ""butterscotch"": 3.0, ""cinnamon"": 1.0, ""nutmeg"": 3.0, ""spices"": 6.0, ""sugar"": 1.0, ""vanilla"": 5.0, ""wood"": 6.0, ""bitter"": 4.0, ""ginger"": 1.0, ""maple"": 2.0, ""oak"": 9.0, ""sweet"": 4.0, ""brown"": 2.0, ""caramel"": 2.0}","{""fruity"": 10.0, ""sweet"": 17.0, ""spicy"": 11.0, ""smoky_peaty"": 0.0, ""oak_cask"": 17.0, ""floral_herbal"": 0.0, ""malty_cereal"": 6.0}","[""oak"", ""spices"", ""wood"", ""orange"", ""vanilla""]",production_data.csv,high,18.46,76.77777777777777,Bourbon,Auto-matched securely
W001725,jim beam single barrel,Jim Beam Single Barrel,100,exact,"{""barley"": 2.0, ""chocolate"": 1.0, ""cinnamon"": 2.0, ""spices"": 2.0, ""sugar"": 2.0, ""vanilla"": 2.0, ""oak"": 1.0, ""spicy"": 2.0, ""brown"": 2.0}","{""fruity"": 0.0, ""sweet"": 5.0, ""spicy"": 6.0, ""smoky_peaty"": 0.0, ""oak_cask"": 1.0, ""floral_herbal"": 0.0, ""malty_cereal"": 4.0}","[""barley"", ""cinnamon"", ""spices"", ""sugar"", ""vanilla""]",production_data.csv,high,29.166666666666668,85.16666666666667,Bourbon,Auto-matched securely
W001825,jim beam white label,Jim Beam White Label,100,exact,"{""old"": 2.0, ""corn"": 1.0, ""sugar"": 1.0, ""vanilla"": 2.0, ""caramel"": 3.0}","{""fruity"": 0.0, ""sweet"": 6.0, ""spicy"": 0.0, ""smoky_peaty"": 0.0, ""oak_cask"": 0.0, ""floral_herbal"": 0.0, ""malty_cereal"": 3.0}","[""caramel"", ""old"", ""vanilla"", ""corn"", ""sugar""]",production_data.csv,high,12.654,71.38095238095238,Bourbon,Auto-matched securely
W001258,johnnie walker blue label,Johnnie Walker Blue Label,100,exact,"{""citrus"": 1.0, ""fruity"": 2.0, ""orange"": 1.0, ""complex"": 2.0, ""mild"": 2.0, ""cocoa"": 1.0, ""sugar"": 1.0, ""bitter"": 1.0, ""salty"": 1.0, ""spicy"": 1.0, ""brown"": 2.0}","{""fruity"": 4.0, ""sweet"": 2.0, ""spicy"": 1.0, ""smoky_peaty"": 0.0, ""oak_cask"": 0.0, ""floral_herbal"": 0.0, ""malty_cereal"": 8.0}","[""fruity"", ""complex"", ""mild"", ""brown"", ""citrus""]",production_data.csv,high,157.125,78.94736842105263,Blend,Auto-matched securely
W001287,johnnie walker double black,Johnnie Walker Double Black,100,exact,"{""mild"": 1.0, ""honey"": 3.0, ""sherry"": 3.0, ""sweet"": 2.0, ""green"": 1.0}","{""fruity"": 0.0, ""sweet"": 5.0, ""spicy"": 0.0, ""smoky_peaty"": 0.0, ""oak_cask"": 0.0, ""floral_herbal"": 1.0, ""malty_cereal"": 4.0}","[""honey"", ""sherry"", ""sweet"", ""mild"", ""green""]",production_data.csv,high,33.205714285714286,78.93333333333334,Blend,Auto-matched securely
W001276,johnnie walker platinum label,Johnnie Walker Platinum Label,100,exact,"{""citrus"": 2.0, ""raisins"": 1.0, ""dry"": 2.0, ""earthy"": 1.0, ""light"": 31.0, ""mellow"": 2.0, ""old"": 3.0, ""smooth"": 6.0, ""chocolate"": 3.0, ""cinnamon"": 3.0, ""corn"": 2.0, ""honey"": 5.0, ""tea"": 1.0, ""toffee"": 2.0, ""floral"": 4.0, ""tobacco"": 1.0, ""vanilla"": 4.0, ""wood"": 2.0, ""sherry"": 1.0, ""bitter"": 2.0, ""creamy"": 10.0, ""oak"": 3.0, ""salty"": 4.0, ""sweet"": 12.0, ""green"": 8.0, ""caramel"": 7.0}","{""fruity"": 3.0, ""sweet"": 33.0, ""spicy"": 3.0, ""smoky_peaty"": 0.0, ""oak_cask"": 7.0, ""floral_herbal"": 13.0, ""malty_cereal"": 63.0}","[""light"", ""sweet"", ""creamy"", ""green"", ""caramel""]",production_data.csv,high,79.53333333333333,77.0,Blend,Auto-matched securely
W001359,johnnie walker red label,Johnnie Walker Red Label,100,exact,"{""light"": 2.0, ""lingering"": 2.0, ""wood"": 1.0, ""sweet"": 2.0}","{""fruity"": 0.0, ""sweet"": 2.0, ""spicy"": 0.0, ""smoky_peaty"": 0.0, ""oak_cask"": 1.0, ""floral_herbal"": 0.0, ""malty_cereal"": 4.0}","[""light"", ""lingering"", ""sweet"", ""wood""]",production_data.csv,high,21.02857142857143,47.51063829787234,Blend,Auto-matched securely
W001213,jura prophecy,Jura Prophecy,100,exact,"{""lemon"": 2.0, ""cinnamon"": 1.0, ""honey"": 1.0, ""vanilla"": 1.0, ""creamy"": 2.0, ""spicy"": 2.0, ""sweet"": 2.0}","{""fruity"": 2.0, ""sweet"": 4.0, ""spicy"": 3.0, ""smoky_peaty"": 0.0, ""oak_cask"": 0.0, ""floral_herbal"": 0.0, ""malty_cereal"": 2.0}","[""lemon"", ""creamy"", ""spicy"", ""sweet"", ""cinnamon""]",production_data.csv,high,71.25,81.66666666666667,Island ,Auto-matched securely
W000460,kavalan solist ex-bourbon,Kavalan Solist Ex-Bourbon,100,exact,"{""fruity"": 2.0, ""complex"": 2.0, ""dry"": 1.0, ""light"": 2.0, ""lingering"": 2.0, ""vanilla"": 3.0, ""wood"": 1.0, ""sherry"": 1.0, ""amber"": 2.0, ""caramel"": 3.0}","{""fruity"": 2.0, ""sweet"": 6.0, ""spicy"": 0.0, ""smoky_peaty"": 0.0, ""oak_cask"": 1.0, ""floral_herbal"": 0.0, ""malty_cereal"": 10.0}","[""vanilla"", ""caramel"", ""fruity"", ""complex"", ""light""]",production_data.csv,high,1.0,87.4,Taiwan,Auto-matched securely
W000056,kavalan solist vinho barrique,Kavalan Solist Vinho Barrique,100,exact,"{""orange"": 2.0, ""raisins"": 1.0, ""dry"": 2.0, ""heavy"": 2.0, ""chocolate"": 10.0, ""cinnamon"": 1.0, ""tea"": 2.0, ""coffee"": 2.0, ""floral"": 4.0, ""licorice"": 2.0, ""peppery"": 2.0, ""vanilla"": 6.0, ""nutty"": 2.0, ""oak"": 4.0, ""rich"": 6.0, ""spicy"": 2.0, ""sweet"": 2.0, ""caramel"": 5.0}","{""fruity"": 3.0, ""sweet"": 23.0, ""spicy"": 7.0, ""smoky_peaty"": 0.0, ""oak_cask"": 8.0, ""floral_herbal"": 6.0, ""malty_cereal"": 10.0}","[""chocolate"", ""vanilla"", ""rich"", ""caramel"", ""floral""]",production_data.csv,high,1.25,88.0,Taiwan,Auto-matched securely
W001191,kilchoman 100% islay (all editions),Kilchoman 100% Islay 3rd Edition,100,fuzzy,"{""cherry"": 1.0, ""lemon"": 2.0, ""zest"": 1.0, ""mild"": 1.0, ""cinnamon"": 2.0, ""floral"": 2.0, ""vanilla"": 1.0, ""nutty"": 1.0, ""caramel"": 1.0}","{""fruity"": 4.0, ""sweet"": 2.0, ""spicy"": 2.0, ""smoky_peaty"": 0.0, ""oak_cask"": 1.0, ""floral_herbal"": 2.0, ""malty_cereal"": 1.0}","[""lemon"", ""cinnamon"", ""floral"", ""cherry"", ""zest""]",production_data.csv,high,82.0,88.375,Islay,Auto-matched securely
W000137,kilchoman loch gorm,Kilchoman Loch Gorm,100,exact,"{""apple"": 1.0, ""citrus"": 2.0, ""lemon"": 2.0, ""raisins"": 1.0, ""zest"": 1.0, ""earthy"": 2.0, ""heavy"": 2.0, ""light"": 2.0, ""old"": 1.0, ""candy"": 2.0, ""cinnamon"": 1.0, ""toffee"": 1.0, ""nutmeg"": 1.0, ""peaty"": 3.0, ""vanilla"": 3.0, ""sherry"": 4.0, ""oak"": 5.0, ""rich"": 2.0, ""salty"": 4.0, ""spicy"": 2.0, ""caramel"": 2.0}","{""fruity"": 7.0, ""sweet"": 8.0, ""spicy"": 4.0, ""smoky_peaty"": 3.0, ""oak_cask"": 7.0, ""floral_herbal"": 0.0, ""malty_cereal"": 15.0}","[""oak"", ""sherry"", ""salty"", ""peaty"", ""vanilla""]",production_data.csv,high,77.68625,87.07142857142857,Islay,Auto-matched securely
W001181,kilchoman machir bay (all vintages),Kilchoman Machir Bay,100,exact,"{""banana"": 1.0, ""lemon"": 1.0, ""chocolate"": 1.0, ""sherry"": 2.0, ""bitter"": 2.0, ""ginger"": 1.0, ""herbal"": 4.0}","{""fruity"": 2.0, ""sweet"": 1.0, ""spicy"": 1.0, ""smoky_peaty"": 0.0, ""oak_cask"": 0.0, ""floral_herbal"": 4.0, ""malty_cereal"": 4.0}","[""herbal"", ""sherry"", ""bitter"", ""banana"", ""lemon""]",production_data.csv,high,51.28153846153846,86.40425531914893,Islay,Auto-matched securely
W000087,kilchoman port cask matured,Kilchoman Port Cask Matured,100,exact,"{""balanced"": 1.0, ""cinnamon"": 1.0, ""licorice"": 2.0, ""sour"": 1.0, ""sweet"": 4.0}","{""fruity"": 0.0, ""sweet"": 4.0, ""spicy"": 3.0, ""smoky_peaty"": 0.0, ""oak_cask"": 0.0, ""floral_herbal"": 0.0, ""malty_cereal"": 2.0}","[""sweet"", ""licorice"", ""balanced"", ""cinnamon"", ""sour""]",production_data.csv,high,68.0,90.25,Islay,Auto-matched securely
W001166,laphroaig an cuan mor,Laphroaig An Cuan Mor,100,exact,"{""fruity"": 2.0, ""earthy"": 3.0, ""heavy"": 2.0, ""smooth"": 2.0, ""peaty"": 2.0, ""sugar"": 2.0, ""oak"": 1.0, ""salty"": 1.0, ""sweet"": 2.0, ""amber"": 1.0, ""caramel"": 2.0}","{""fruity"": 2.0, ""sweet"": 6.0, ""spicy"": 0.0, ""smoky_peaty"": 2.0, ""oak_cask"": 4.0, ""floral_herbal"": 0.0, ""malty_cereal"": 6.0}","[""earthy"", ""fruity"", ""heavy"", ""smooth"", ""peaty""]",production_data.csv,high,68.5,87.14285714285714,Islay,Auto-matched securely
W001138,laphroaig quarter cask,Laphroaig Quarter Cask,100,exact,"{""banana"": 1.0, ""complex"": 2.0, ""light"": 2.0, ""butterscotch"": 2.0, ""toffee"": 3.0, ""vanilla"": 1.0, ""oak"": 1.0, ""amber"": 1.0}","{""fruity"": 1.0, ""sweet"": 6.0, ""spicy"": 0.0, ""smoky_peaty"": 0.0, ""oak_cask"": 1.0, ""floral_herbal"": 0.0, ""malty_cereal"": 5.0}","[""toffee"", ""complex"", ""light"", ""butterscotch"", ""banana""]",production_data.csv,high,46.97563829787235,89.78512396694215,Islay,Auto-matched securely
W001210,laphroaig triple wood,Laphroaig Triplewood,98,fuzzy,"{""cherry"": 2.0, ""balanced"": 2.0, ""heavy"": 2.0, ""light"": 2.0, ""lingering"": 1.0, ""smooth"": 6.0, ""chocolate"": 1.0, ""cinnamon"": 1.0, ""cocoa"": 2.0, ""honey"": 2.0, ""malty"": 4.0, ""tobacco"": 1.0, ""vanilla"": 2.0, ""wood"": 4.0, ""sherry"": 4.0, ""brine"": 1.0, ""creamy"": 3.0, ""oak"": 3.0, ""sweet"": 5.0, ""caramel"": 2.0}","{""fruity"": 2.0, ""sweet"": 14.0, ""spicy"": 1.0, ""smoky_peaty"": 0.0, ""oak_cask"": 8.0, ""floral_herbal"": 0.0, ""malty_cereal"": 25.0}","[""smooth"", ""sweet"", ""malty"", ""wood"", ""sherry""]",production_data.csv,high,64.66666666666667,86.14285714285714,Islay,Auto-matched securely
W001779,larceny small batch bourbon,Larceny Small Batch Bourbon,100,exact,"{""cherry"": 1.0, ""citrus"": 1.0, ""smooth"": 2.0, ""cinnamon"": 2.0, ""toffee"": 3.0, ""malty"": 2.0, ""vanilla"": 2.0, ""oak"": 2.0, ""rich"": 2.0, ""caramel"": 2.0}","{""fruity"": 2.0, ""sweet"": 7.0, ""spicy"": 2.0, ""smoky_peaty"": 0.0, ""oak_cask"": 2.0, ""floral_herbal"": 0.0, ""malty_cereal"": 6.0}","[""toffee"", ""smooth"", ""cinnamon"", ""malty"", ""vanilla""]",production_data.csv,high,25.571428571428573,80.75,Bourbon,Auto-matched securely
W001174,longrow cv,Longrow CV,100,exact,"{""banana"": 1.0, ""lemon"": 2.0, ""orange"": 25.0, ""pear"": 1.0, ""complex"": 2.0, ""earthy"": 2.0, ""light"": 2.0, ""old"": 1.0, ""butterscotch"": 4.0, ""chocolate"": 2.0, ""cinnamon"": 1.0, ""cocoa"": 2.0, ""toffee"": 1.0, ""coffee"": 1.0, ""floral"": 5.0, ""mint"": 2.0, ""nutmeg"": 1.0, ""spices"": 2.0, ""sugar"": 1.0, ""vanilla"": 1.0, ""sherry"": 5.0, ""ginger"": 2.0, ""herbal"": 2.0, ""spicy"": 2.0, ""sweet"": 10.0, ""brown"": 2.0, ""caramel"": 3.0}","{""fruity"": 29.0, ""sweet"": 24.0, ""spicy"": 8.0, ""smoky_peaty"": 0.0, ""oak_cask"": 3.0, ""floral_herbal"": 9.0, ""malty_cereal"": 12.0}","[""orange"", ""sweet"", ""floral"", ""sherry"", ""butterscotch""]",production_data.csv,high,52.81428571428571,85.7,Campbeltown,Auto-matched securely
W001187,longrow peated,Longrow Peated,100,exact,"{""lemon"": 2.0, ""zest"": 1.0, ""balanced"": 2.0, ""mild"": 2.0, ""honey"": 1.0, ""toffee"": 2.0, ""brine"": 4.0, ""rich"": 2.0, ""salty"": 2.0}","{""fruity"": 3.0, ""sweet"": 3.0, ""spicy"": 0.0, ""smoky_peaty"": 0.0, ""oak_cask"": 0.0, ""floral_herbal"": 0.0, ""malty_cereal"": 12.0}","[""brine"", ""lemon"", ""balanced"", ""mild"", ""toffee""]",production_data.csv,high,42.25,82.78571428571429,Campbeltown,Auto-matched securely
W000634,macallan amber,Macallan Amber,100,exact,"{""citrus"": 2.0, ""raisins"": 2.0, ""cinnamon"": 1.0, ""honey"": 1.0, ""toffee"": 2.0, ""floral"": 1.0, ""mint"": 1.0, ""vanilla"": 2.0, ""sherry"": 2.0, ""ginger"": 1.0, ""oak"": 1.0, ""amber"": 1.0, ""caramel"": 1.0}","{""fruity"": 4.0, ""sweet"": 6.0, ""spicy"": 2.0, ""smoky_peaty"": 0.0, ""oak_cask"": 1.0, ""floral_herbal"": 2.0, ""malty_cereal"": 3.0}","[""citrus"", ""raisins"", ""toffee"", ""vanilla"", ""sherry""]",production_data.csv,high,50.5,74.77777777777777,Speyside,Auto-matched securely
W000386,macallan select oak,Macallan Select Oak,100,exact,"{""apple"": 1.0, ""lemon"": 1.0, ""pear"": 1.0, ""earthy"": 2.0, ""light"": 1.0, ""smooth"": 1.0, ""floral"": 1.0, ""sherry"": 8.0, ""ginger"": 2.0, ""oak"": 12.0, ""sour"": 2.0, ""sweet"": 6.0}","{""fruity"": 3.0, ""sweet"": 6.0, ""spicy"": 2.0, ""smoky_peaty"": 0.0, ""oak_cask"": 14.0, ""floral_herbal"": 1.0, ""malty_cereal"": 12.0}","[""oak"", ""sherry"", ""sweet"", ""earthy"", ""ginger""]",production_data.csv,high,48.51428571428572,80.77777777777777,Speyside,Auto-matched securely
W000225,macallan sienna,Macallan Sienna,100,exact,"{""complex"": 1.0, ""light"": 1.0, ""cinnamon"": 1.0, ""toffee"": 6.0, ""clove"": 2.0, ""vanilla"": 1.0, ""sherry"": 2.0}","{""fruity"": 0.0, ""sweet"": 7.0, ""spicy"": 3.0, ""smoky_peaty"": 0.0, ""oak_cask"": 0.0, ""floral_herbal"": 0.0, ""malty_cereal"": 4.0}","[""toffee"", ""clove"", ""sherry"", ""complex"", ""light""]",production_data.csv,high,30.875,82.28571428571429,Speyside,Auto-matched securely
W000743,mackmyra the first edition (den första utgåvan),Mackmyra First Edition,100,exact,"{""citrus"": 2.0, ""lemon"": 9.0, ""orange"": 4.0, ""pear"": 1.0, ""light"": 5.0, ""buttery"": 1.0, ""candy"": 3.0, ""mint"": 1.0, ""nutmeg"": 1.0, ""vanilla"": 1.0, ""wood"": 1.0, ""sherry"": 4.0, ""creamy"": 2.0, ""herbal"": 2.0, ""oak"": 5.0, ""rich"": 2.0, ""spicy"": 1.0, ""sweet"": 2.0, ""caramel"": 1.0}","{""fruity"": 16.0, ""sweet"": 8.0, ""spicy"": 2.0, ""smoky_peaty"": 0.0, ""oak_cask"": 6.0, ""floral_herbal"": 3.0, ""malty_cereal"": 13.0}","[""lemon"", ""light"", ""oak"", ""orange"", ""sherry""]",production_data.csv,high,14.25,83.33333333333333,Sweden,Auto-matched securely
W000904,mcclelland's highland single malt,McClelland Highland,100,fuzzy,"{""apple"": 2.0, ""banana"": 2.0, ""citrus"": 4.0, ""lemon"": 3.0, ""balanced"": 2.0, ""complex"": 2.0, ""light"": 2.0, ""smooth"": 1.0, ""cinnamon"": 1.0, ""honey"": 2.0, ""tea"": 1.0, ""mint"": 1.0, ""roses"": 1.0, ""spices"": 1.0, ""sugar"": 2.0, ""vanilla"": 4.0, ""sherry"": 1.0, ""bitter"": 2.0, ""ginger"": 1.0, ""oak"": 1.0, ""sweet"": 1.0, ""brown"": 2.0, ""caramel"": 1.0}","{""fruity"": 11.0, ""sweet"": 10.0, ""spicy"": 3.0, ""smoky_peaty"": 0.0, ""oak_cask"": 1.0, ""floral_herbal"": 3.0, ""malty_cereal"": 12.0}","[""citrus"", ""vanilla"", ""lemon"", ""apple"", ""banana""]",production_data.csv,high,17.669999999999998,61.5,Highland ,Auto-matched securely
W001227,mcclelland's islay single malt,McClelland Islay,100,fuzzy,"{""peaty"": 1.0, ""vanilla"": 1.0, ""sweet"": 3.0}","{""fruity"": 0.0, ""sweet"": 4.0, ""spicy"": 0.0, ""smoky_peaty"": 1.0, ""oak_cask"": 0.0, ""floral_herbal"": 0.0, ""malty_cereal"": 0.0}","[""sweet"", ""peaty"", ""vanilla""]",production_data.csv,high,19.75333333333333,63.333333333333336,Islay,Auto-matched securely
W000024,monkey shoulder,Monkey Shoulder,100,exact,"{""apple"": 2.0, ""citrus"": 6.0, ""lemon"": 2.0, ""pear"": 1.0, ""light"": 1.0, ""floral"": 1.0, ""vanilla"": 8.0, ""oak"": 2.0}","{""fruity"": 11.0, ""sweet"": 8.0, ""spicy"": 0.0, ""smoky_peaty"": 0.0, ""oak_cask"": 2.0, ""floral_herbal"": 1.0, ""malty_cereal"": 1.0}","[""vanilla"", ""citrus"", ""apple"", ""lemon"", ""oak""]",production_data.csv,high,33.0676,76.45161290322581,Blend,Auto-matched securely
W001279,nikka coffey grain,Nikka Coffey Grain,100,exact,"{""pear"": 2.0, ""light"": 8.0, ""mellow"": 2.0, ""cinnamon"": 1.0, ""vanilla"": 6.0, ""bitter"": 1.0, ""oak"": 3.0}","{""fruity"": 2.0, ""sweet"": 6.0, ""spicy"": 1.0, ""smoky_peaty"": 0.0, ""oak_cask"": 3.0, ""floral_herbal"": 0.0, ""malty_cereal"": 11.0}","[""light"", ""vanilla"", ""oak"", ""pear"", ""mellow""]",production_data.csv,high,60.0,80.28571428571429,Japan,Auto-matched securely
W000474,nikka from the barrel,Nikka From The Barrel,100,exact,"{""banana"": 3.0, ""citrus"": 3.0, ""fruity"": 2.0, ""lemon"": 3.0, ""orange"": 6.0, ""zest"": 2.0, ""balanced"": 4.0, ""complex"": 3.0, ""dry"": 9.0, ""earthy"": 5.0, ""light"": 14.0, ""butterscotch"": 2.0, ""candy"": 3.0, ""honey"": 2.0, ""toffee"": 8.0, ""tobacco"": 2.0, ""vanilla"": 3.0, ""sherry"": 5.0, ""bitter"": 4.0, ""herbal"": 1.0, ""oak"": 9.0, ""salty"": 5.0, ""sweet"": 4.0, ""green"": 2.0, ""caramel"": 5.0}","{""fruity"": 19.0, ""sweet"": 27.0, ""spicy"": 0.0, ""smoky_peaty"": 0.0, ""oak_cask"": 16.0, ""floral_herbal"": 3.0, ""malty_cereal"": 44.0}","[""light"", ""dry"", ""oak"", ""toffee"", ""orange""]",production_data.csv,high,39.0,84.0,Japan,Auto-matched securely
W001701,old weller antique 107,Old Weller Antique 107,100,exact,{},"{""fruity"": 0.0, ""sweet"": 0.0, ""spicy"": 0.0, ""smoky_peaty"": 0.0, ""oak_cask"": 0.0, ""floral_herbal"": 0.0, ""malty_cereal"": 0.0}",[],production_data.csv,high,24.176379310344828,87.1774193548387,Bourbon,Auto-matched securely
W001468,rittenhouse rye 100 proof,Rittenhouse Rye 100,100,fuzzy,"{""balanced"": 2.0, ""dry"": 1.0, ""barley"": 1.0, ""chocolate"": 2.0, ""floral"": 6.0, ""peppery"": 1.0, ""roses"": 1.0, ""sugar"": 1.0, ""vanilla"": 1.0, ""wood"": 8.0, ""bitter"": 12.0, ""creamy"": 2.0, ""spicy"": 3.0, ""sweet"": 11.0, ""amber"": 2.0}","{""fruity"": 0.0, ""sweet"": 15.0, ""spicy"": 4.0, ""smoky_peaty"": 0.0, ""oak_cask"": 8.0, ""floral_herbal"": 7.0, ""malty_cereal"": 20.0}","[""bitter"", ""sweet"", ""wood"", ""floral"", ""spicy""]",production_data.csv,high,21.654516129032256,85.65,Rye,Auto-matched securely
W001673,russell's reserve single barrel,Russell's Reserve Single Barrel,100,exact,"{""fruity"": 2.0, ""cinnamon"": 2.0, ""toffee"": 1.0, ""spices"": 2.0, ""vanilla"": 6.0, ""oak"": 5.0, ""spicy"": 2.0, ""sweet"": 2.0, ""caramel"": 6.0}","{""fruity"": 2.0, ""sweet"": 15.0, ""spicy"": 6.0, ""smoky_peaty"": 0.0, ""oak_cask"": 5.0, ""floral_herbal"": 0.0, ""malty_cereal"": 0.0}","[""vanilla"", ""caramel"", ""oak"", ""fruity"", ""cinnamon""]",production_data.csv,high,52.07142857142857,86.73333333333333,Bourbon,Auto-matched securely
W001482,sazerac straight rye,Sazerac Rye,100,fuzzy,"{""heavy"": 2.0, ""sugar"": 1.0, ""vanilla"": 4.0, ""spicy"": 2.0, ""caramel"": 1.0}","{""fruity"": 0.0, ""sweet"": 6.0, ""spicy"": 2.0, ""smoky_peaty"": 0.0, ""oak_cask"": 0.0, ""floral_herbal"": 0.0, ""malty_cereal"": 2.0}","[""vanilla"", ""heavy"", ""spicy"", ""sugar"", ""caramel""]",production_data.csv,high,27.643478260869564,83.78571428571429,Rye,Auto-matched securely
W001075,springbank cv,Springbank CV,100,exact,"{""light"": 1.0, ""sugar"": 3.0, ""sherry"": 3.0, ""brine"": 1.0, ""herbal"": 2.0, ""brown"": 4.0}","{""fruity"": 0.0, ""sweet"": 3.0, ""spicy"": 0.0, ""smoky_peaty"": 0.0, ""oak_cask"": 0.0, ""floral_herbal"": 2.0, ""malty_cereal"": 9.0}","[""brown"", ""sugar"", ""sherry"", ""herbal"", ""light""]",production_data.csv,high,39.0,83.0,Campbeltown,Auto-matched securely
W000954,talisker 57 north,Talisker 57° North,100,exact,"{""citrus"": 1.0, ""lemon"": 1.0, ""dry"": 5.0, ""light"": 3.0, ""honey"": 1.0, ""floral"": 1.0, ""malty"": 6.0, ""wood"": 4.0, ""sherry"": 4.0, ""bitter"": 2.0, ""brine"": 1.0, ""herbal"": 1.0, ""nutty"": 1.0, ""oak"": 3.0, ""salty"": 1.0, ""sour"": 2.0, ""sweet"": 2.0}","{""fruity"": 2.0, ""sweet"": 3.0, ""spicy"": 0.0, ""smoky_peaty"": 0.0, ""oak_cask"": 8.0, ""floral_herbal"": 2.0, ""malty_cereal"": 24.0}","[""malty"", ""dry"", ""wood"", ""sherry"", ""light""]",production_data.csv,high,65.77857142857142,87.4074074074074,Island ,Auto-matched securely
W000959,talisker distiller's edition (all editions),Talisker Distiller's Edition,100,exact,"{""citrus"": 2.0, ""light"": 8.0, ""old"": 3.0, ""honey"": 1.0, ""floral"": 2.0, ""malty"": 1.0, ""mint"": 2.0, ""peppery"": 2.0, ""brine"": 3.0, ""herbal"": 5.0, ""spicy"": 3.0, ""sweet"": 7.0}","{""fruity"": 2.0, ""sweet"": 8.0, ""spicy"": 5.0, ""smoky_peaty"": 0.0, ""oak_cask"": 0.0, ""floral_herbal"": 9.0, ""malty_cereal"": 15.0}","[""light"", ""sweet"", ""herbal"", ""old"", ""brine""]",production_data.csv,high,76.0,88.41666666666667,Island ,Auto-matched securely
W000303,talisker port ruighe,Talisker Port Ruighe,100,exact,"{""citrus"": 1.0, ""lemon"": 1.0, ""dry"": 5.0, ""light"": 3.0, ""honey"": 1.0, ""floral"": 1.0, ""malty"": 6.0, ""wood"": 4.0, ""sherry"": 4.0, ""bitter"": 2.0, ""brine"": 1.0, ""herbal"": 1.0, ""nutty"": 1.0, ""oak"": 3.0, ""salty"": 1.0, ""sour"": 2.0, ""sweet"": 2.0}","{""fruity"": 2.0, ""sweet"": 3.0, ""spicy"": 0.0, ""smoky_peaty"": 0.0, ""oak_cask"": 8.0, ""floral_herbal"": 2.0, ""malty_cereal"": 24.0}","[""malty"", ""dry"", ""wood"", ""sherry"", ""light""]",production_data.csv,high,44.93333333333334,85.44444444444444,Island ,Auto-matched securely
W001275,té bheag,Té Bheag,100,exact,"{""banana"": 2.0, ""fruity"": 3.0, ""pear"": 1.0, ""dry"": 2.0, ""earthy"": 2.0, ""wood"": 1.0, ""oak"": 3.0, ""brown"": 4.0}","{""fruity"": 6.0, ""sweet"": 0.0, ""spicy"": 0.0, ""smoky_peaty"": 0.0, ""oak_cask"": 6.0, ""floral_herbal"": 0.0, ""malty_cereal"": 6.0}","[""brown"", ""fruity"", ""oak"", ""banana"", ""dry""]",production_data.csv,high,10.913333333333334,82.9,Blend,Auto-matched securely
W001337,teacher's highland cream,Teacher's Highland Cream,100,exact,{},"{""fruity"": 0.0, ""sweet"": 0.0, ""spicy"": 0.0, ""smoky_peaty"": 0.0, ""oak_cask"": 0.0, ""floral_herbal"": 0.0, ""malty_cereal"": 0.0}",[],production_data.csv,high,19.055,72.33333333333333,Blend,Auto-matched securely
W001574,templeton rye,Templeton Rye,100,exact,"{""orange"": 6.0, ""balanced"": 1.0, ""earthy"": 2.0, ""heavy"": 2.0, ""barley"": 2.0, ""candy"": 2.0, ""cinnamon"": 2.0, ""clove"": 3.0, ""spices"": 2.0, ""wood"": 5.0, ""caramel"": 2.0}","{""fruity"": 6.0, ""sweet"": 4.0, ""spicy"": 7.0, ""smoky_peaty"": 0.0, ""oak_cask"": 7.0, ""floral_herbal"": 0.0, ""malty_cereal"": 5.0}","[""orange"", ""wood"", ""clove"", ""earthy"", ""heavy""]",production_data.csv,high,39.0,65.16666666666667,Rye,Auto-matched securely
W001374,thomas h. handy sazerac,Thomas H. Handy,100,fuzzy,"{""cherry"": 3.0, ""citrus"": 2.0, ""fruity"": 3.0, ""oak"": 2.0, ""caramel"": 2.0}","{""fruity"": 8.0, ""sweet"": 2.0, ""spicy"": 0.0, ""smoky_peaty"": 0.0, ""oak_cask"": 2.0, ""floral_herbal"": 0.0, ""malty_cereal"": 0.0}","[""cherry"", ""fruity"", ""citrus"", ""oak"", ""caramel""]",production_data.csv,high,79.1222222222222,93.3076923076923,Rye,Auto-matched securely
W000437,tomatin decades,Tomatin Decades,100,exact,"{""pear"": 2.0, ""raisins"": 1.0, ""balanced"": 2.0, ""light"": 2.0, ""lingering"": 2.0, ""old"": 7.0, ""smooth"": 1.0, ""honey"": 2.0, ""toffee"": 3.0, ""floral"": 1.0, ""wood"": 2.0, ""sherry"": 8.0, ""bitter"": 2.0, ""creamy"": 2.0, ""ginger"": 2.0, ""nutty"": 2.0, ""rich"": 3.0, ""spicy"": 2.0}","{""fruity"": 3.0, ""sweet"": 5.0, ""spicy"": 4.0, ""smoky_peaty"": 0.0, ""oak_cask"": 4.0, ""floral_herbal"": 1.0, ""malty_cereal"": 29.0}","[""sherry"", ""old"", ""toffee"", ""rich"", ""pear""]",production_data.csv,high,95.0,86.5,Highland ,Auto-matched securely
W001226,tomintoul peaty tang,Tomintoul Peaty Tang,100,exact,"{""citrus"": 2.0, ""fruity"": 6.0, ""lemon"": 9.0, ""dry"": 1.0, ""earthy"": 3.0, ""light"": 7.0, ""old"": 2.0, ""chocolate"": 4.0, ""coffee"": 4.0, ""malty"": 1.0, ""peaty"": 2.0, ""vanilla"": 2.0, ""bitter"": 2.0, ""oak"": 6.0, ""sour"": 4.0}","{""fruity"": 17.0, ""sweet"": 6.0, ""spicy"": 0.0, ""smoky_peaty"": 2.0, ""oak_cask"": 13.0, ""floral_herbal"": 0.0, ""malty_cereal"": 17.0}","[""lemon"", ""light"", ""fruity"", ""oak"", ""chocolate""]",production_data.csv,high,45.0,76.42857142857143,Speyside,Auto-matched securely
W000859,tyrconnell single malt irish whiskey,Tyrconnell Irish Single Malt,100,fuzzy,"{""citrus"": 2.0, ""complex"": 2.0, ""light"": 8.0, ""smooth"": 1.0, ""barley"": 1.0, ""cinnamon"": 2.0, ""creamy"": 2.0, ""caramel"": 1.0}","{""fruity"": 2.0, ""sweet"": 1.0, ""spicy"": 2.0, ""smoky_peaty"": 0.0, ""oak_cask"": 0.0, ""floral_herbal"": 0.0, ""malty_cereal"": 14.0}","[""light"", ""citrus"", ""complex"", ""cinnamon"", ""creamy""]",production_data.csv,high,19.225,72.66666666666667,Irish,Auto-matched securely
W001771,w.l. weller special reserve,W.L. Weller Special Reserve,100,exact,"{""apple"": 7.0, ""cherry"": 1.0, ""complex"": 1.0, ""light"": 3.0, ""old"": 2.0, ""smooth"": 1.0, ""cinnamon"": 1.0, ""honey"": 3.0, ""roses"": 2.0, ""sugar"": 1.0, ""wood"": 3.0, ""sweet"": 12.0, ""caramel"": 5.0}","{""fruity"": 8.0, ""sweet"": 21.0, ""spicy"": 1.0, ""smoky_peaty"": 0.0, ""oak_cask"": 3.0, ""floral_herbal"": 2.0, ""malty_cereal"": 7.0}","[""sweet"", ""apple"", ""caramel"", ""light"", ""honey""]",production_data.csv,high,16.535,80.30434782608695,Bourbon,Auto-matched securely
W001410,whistlepig the boss hog,Whistle Pig Boss Hog,95,fuzzy,"{""light"": 2.0, ""mint"": 4.0, ""nutmeg"": 2.0, ""herbal"": 2.0}","{""fruity"": 0.0, ""sweet"": 0.0, ""spicy"": 2.0, ""smoky_peaty"": 0.0, ""oak_cask"": 0.0, ""floral_herbal"": 6.0, ""malty_cereal"": 2.0}","[""mint"", ""light"", ""nutmeg"", ""herbal""]",production_data.csv,high,150.0,90.625,Rye,Auto-matched securely
W001477,wild turkey 101 rye,Wild Turkey 101 Rye,100,exact,"{""orange"": 3.0, ""barley"": 3.0, ""cinnamon"": 2.0, ""corn"": 2.0, ""honey"": 1.0, ""peppery"": 1.0, ""spices"": 2.0, ""vanilla"": 5.0, ""spicy"": 2.0}","{""fruity"": 3.0, ""sweet"": 6.0, ""spicy"": 7.0, ""smoky_peaty"": 0.0, ""oak_cask"": 0.0, ""floral_herbal"": 0.0, ""malty_cereal"": 5.0}","[""vanilla"", ""orange"", ""barley"", ""cinnamon"", ""corn""]",production_data.csv,high,32.7,84.92857142857143,Rye,Auto-matched securely
W001777,wild turkey forgiven,Wild Turkey Forgiven,100,exact,"{""smooth"": 2.0, ""cinnamon"": 2.0, ""vanilla"": 2.0, ""oak"": 1.0, ""smokey"": 2.0, ""caramel"": 1.0}","{""fruity"": 0.0, ""sweet"": 3.0, ""spicy"": 2.0, ""smoky_peaty"": 2.0, ""oak_cask"": 1.0, ""floral_herbal"": 0.0, ""malty_cereal"": 2.0}","[""smooth"", ""cinnamon"", ""vanilla"", ""smokey"", ""oak""]",production_data.csv,high,49.16666666666666,80.16666666666667,American ,Auto-matched securely
W001695,wild turkey rare breed,Wild Turkey Rare Breed,100,exact,"{""banana"": 7.0, ""fruity"": 8.0, ""heavy"": 1.0, ""old"": 4.0, ""smooth"": 4.0, ""floral"": 1.0, ""sugar"": 1.0, ""vanilla"": 3.0, ""bitter"": 4.0, ""maple"": 4.0, ""oak"": 12.0, ""rich"": 3.0, ""spicy"": 9.0, ""sweet"": 8.0, ""caramel"": 5.0}","{""fruity"": 15.0, ""sweet"": 21.0, ""spicy"": 9.0, ""smoky_peaty"": 0.0, ""oak_cask"": 12.0, ""floral_herbal"": 1.0, ""malty_cereal"": 16.0}","[""oak"", ""spicy"", ""fruity"", ""sweet"", ""banana""]",production_data.csv,high,31.128,88.17241379310344,Bourbon,Auto-matched securely
W001609,william larue weller,William Larue Weller,100,exact,"{""balanced"": 2.0, ""complex"": 3.0, ""lingering"": 2.0, ""old"": 1.0, ""butterscotch"": 2.0, ""chocolate"": 1.0, ""cinnamon"": 2.0, ""toffee"": 1.0, ""clove"": 1.0, ""vanilla"": 3.0, ""maple"": 2.0, ""rich"": 3.0, ""salty"": 2.0, ""spicy"": 1.0, ""sweet"": 1.0, ""caramel"": 1.0}","{""fruity"": 0.0, ""sweet"": 11.0, ""spicy"": 4.0, ""smoky_peaty"": 0.0, ""oak_cask"": 0.0, ""floral_herbal"": 0.0, ""malty_cereal"": 13.0}","[""complex"", ""vanilla"", ""rich"", ""balanced"", ""lingering""]",production_data.csv,high,80.71428571428571,95.5,Bourbon,Auto-matched securely
W001395,j.p. wiser's legacy,Wiser's Legacy,100,fuzzy,"{""mellow"": 2.0, ""old"": 3.0, ""smooth"": 1.0, ""cinnamon"": 1.0, ""sugar"": 1.0, ""vanilla"": 6.0, ""wood"": 1.0, ""maple"": 2.0, ""spicy"": 2.0, ""sweet"": 3.0}","{""fruity"": 0.0, ""sweet"": 12.0, ""spicy"": 3.0, ""smoky_peaty"": 0.0, ""oak_cask"": 1.0, ""floral_herbal"": 0.0, ""malty_cereal"": 6.0}","[""vanilla"", ""old"", ""sweet"", ""mellow"", ""maple""]",production_data.csv,high,29.606,86.5,Canada,Auto-matched securely
W001775,woodford reserve distiller's select,Woodford Reserve Distiller's Select,100,exact,"{""mild"": 4.0, ""cinnamon"": 1.0, ""vanilla"": 5.0, ""oak"": 2.0, ""caramel"": 1.0}","{""fruity"": 0.0, ""sweet"": 6.0, ""spicy"": 1.0, ""smoky_peaty"": 0.0, ""oak_cask"": 2.0, ""floral_herbal"": 0.0, ""malty_cereal"": 4.0}","[""vanilla"", ""mild"", ""oak"", ""cinnamon"", ""caramel""]",production_data.csv,high,27.15466666666667,80.93333333333334,Bourbon,Auto-matched securely
W001714,woodford reserve double oaked,Woodford Reserve Double Oaked,100,exact,"{""banana"": 7.0, ""fruity"": 8.0, ""heavy"": 1.0, ""old"": 4.0, ""smooth"": 4.0, ""floral"": 1.0, ""sugar"": 1.0, ""vanilla"": 3.0, ""bitter"": 4.0, ""maple"": 4.0, ""oak"": 12.0, ""rich"": 3.0, ""spicy"": 9.0, ""sweet"": 8.0, ""caramel"": 5.0}","{""fruity"": 15.0, ""sweet"": 21.0, ""spicy"": 9.0, ""smoky_peaty"": 0.0, ""oak_cask"": 12.0, ""floral_herbal"": 1.0, ""malty_cereal"": 16.0}","[""oak"", ""spicy"", ""fruity"", ""sweet"", ""banana""]",production_data.csv,high,37.435,80.55555555555556,Bourbon,Auto-matched securely
