distillery_id,name,country,region,owner,parent_company,founded_year,founder,status,location,coordinates,official_website,wikidata_id,wikipedia_url,data_confidence,notes_for_review,whisky_com_url,source_metadata_whisky_com_rating,source_metadata_whisky_com_bottle_count
D0001,Aberlour,Scotland,Speyside,,,,,,,,,,,high,,https://www.whisky.com/whisky-database/distilleries/details/aberlour.html,,388.0
D0002,Laphroaig,Scotland,Islay,,,,,,,,,,,high,,https://www.whisky.com/whisky-database/distilleries/details/laphroaig.html,,562.0
D0003,The Glenlivet,Scotland,Speyside,,,,,,,,,,,high,,,,
D0004,Talisker,Scotland,Islands,,,,,,,,,,,high,,https://www.whisky.com/whisky-database/distilleries/details/talisker.html,,338.0
D0005,Midleton,Ireland,,,,,,,,,,,,high,,https://www.whisky.com/whisky-database/distilleries/details/midleton.html,,268.0
D0006,The Macallan,Scotland,Speyside,,,,,,,,,,,high,,,,
D0007,The Balvenie,Scotland,Speyside,,,,,,,,,,,high,,https://www.whisky.com/whisky-database/distilleries/details/balvenie.html,,242.0
D0008,Glengoyne,Scotland,Highland,,,,,,,,,,,high,,,,
D0009,Deanston,Scotland,Highland,,,,,,,,,,,high,,,,
D0010,Glenfiddich,Scotland,Speyside,,,,,,,,,,,high,,https://www.whisky.com/whisky-database/distilleries/details/glenfiddich.html,,365.0
D0011,Glen Scotia,Scotland,Campbeltown,,,,,,,,,,,high,,https://www.whisky.com/whisky-database/distilleries/details/glen-scotia.html,,227.0
D0012,Bowmore,Scotland,Islay,,,,,,,,,,,high,,https://www.whisky.com/whisky-database/distilleries/details/bowmore.html,,614.0
D0013,Glenmorangie,Scotland,Highland,,,,,,,,,,,high,,,,
D0014,Glen Grant,Scotland,Speyside,,,,,,,,,,,high,,https://www.whisky.com/whisky-database/distilleries/details/glen-grant.html,,256.0
D0015,Auchentoshan,Scotland,Lowland,,,,,,,,,,,high,,,,
D0016,Ardmore,Scotland,Highland,,,,,,,,,,,high,,,,
D0017,Chivas Brothers,Scotland,Harman,,,,,,,,,,,high,,,,
D0018,Tamnavulin,Scotland,Speyside,,,,,,,,,,,high,,https://www.whisky.com/whisky-database/distilleries/details/tamnavulin.html,,61.0
D0019,"Kininvie, Balvenie, Glenfiddich",Scotland,Blended Malt,,,,,,,,,,,high,,,,
D0020,Çeşitli,Scotland,Blended Malt,,,,,,,,,,,high,,,,
D0021,Amrut,India,,,,,,,,,,,,high,,https://www.whisky.com/whisky-database/distilleries/details/amrut.html,,59.0
D0022,Kavalan,Taiwan,,,,,,,,,,,,high,,,,
D0023,Yamazaki,Japan,,,,,,,,,,,,high,,https://www.whisky.com/whisky-database/distilleries/details/yamazaki.html,,84.0
D0024,Karuizawa,Japan,,,,,,,,,,,,high,,https://www.whisky.com/whisky-database/distilleries/details/karuizawa.html,,34.0
D0025,Bushmills,Ireland,,,,,,,,,,,,high,,https://www.whisky.com/whisky-database/distilleries/details/bushmills.html,,148.0
D0026,Hakushu,Japan,,,,,,,,,,,,high,,https://www.whisky.com/whisky-database/distilleries/details/hakushu.html,,20.0
D0027,Smögen Whisky,Sweden,,,,,,,,,,,,high,,,,
D0028,Teerenpeli,Finland,,,,,,,,,,,,high,,https://www.whisky.com/whisky-database/distilleries/details/teerenpeli.html,,26.0
D0029,Ohishi Distillery,Japan,,,,,,,,,,,,high,,,,
D0030,Sullivans Cove,Tasmania,,,,,,,,,,,,high,,,,
D0031,Mackmyra,Sweden,,,,,,,,,,,,high,,https://www.whisky.com/whisky-database/distilleries/details/mackmyra.html,,211.0
D0032,Penderyn,Wales,,,,,,,,,,,,high,,,,
D0033,Westland Distillery,Usa,,,,,,,,,,,,high,,,,
D0034,Teeling Whiskey Company,Ireland,,,,,,,,,,,,high,,,,
D0035,Nantou Distillery,Taiwan,,,,,,,,,,,,high,,https://www.whisky.com/whisky-database/distilleries/details/nantou-distillery.html,,9.0
D0036,Kanosuke,Japan,,,,,,,,,,,,high,,https://www.whisky.com/whisky-database/distilleries/details/kanosuke.html,,2.0
D0037,Shelter Point Distillery,Canada,,,,,,,,,,,,high,,,,
D0038,Okanagan Spirits,Canada,,,,,,,,,,,,high,,,,
D0039,Gouden Carolus,Belgium,,,,,,,,,,,,high,,,,
D0040,Glendalough,Ireland,,,,,,,,,,,,high,,https://www.whisky.com/whisky-database/distilleries/details/glendalough.html,,19.0
D0041,St. George'S Distillery,England,,,,,,,,,,,,high,,,,
D0042,Kilbeggan Distillery,Ireland,,,,,,,,,,,,high,,,,
D0043,High West Distillery,Usa,,,,,,,,,,,,high,,,,
D0044,Forty Creek,Canada,,,,,,,,,,,,high,,,,
D0045,Michter'S Distillery,Usa,,,,,,,,,,,,high,,,,
D0046,Wild Turkey Distillery,Usa,,,,,,,,,,,,high,,,,
D0047,Willett Distillery,Usa,,,,,,,,,,,,high,,,,
D0048,Gooderham & Worts,Canada,,,,,,,,,,,,high,,,,
D0049,Whistlepig,Canada,,,,,,,,,,,,high,,,,
D0050,Jack Daniel'S,Usa,Tennessee,,,,,,,,,,,high,,https://www.whisky.com/whisky-database/distilleries/details/jack-daniels.html,,213.0
D0051,Jim Beam,Usa,Kentucky,,,,,,,,,,,high,,https://www.whisky.com/whisky-database/distilleries/details/jim-beam.html,,202.0
D0052,Potter,Canada,,,,,,,,,,,,high,,,,
D0053,Woodford Reserve,Usa,Kentucky,,,,,,,,,,,high,,https://www.whisky.com/whisky-database/distilleries/details/woodford-reserve.html,,72.0
D0054,Last Mountain Distillery,Canada,,,,,,,,,,,,high,,,,
D0055,66 Gilead Distillery,Canada,,,,,,,,,,,,high,,,,
D0056,Koval Distillery,Usa,,,,,,,,,,,,high,,,,
D0057,Hiram Walker,Canada,,,,,,,,,,,,high,,https://www.whisky.com/whisky-database/distilleries/details/hiram-walker.html,,3.0
D0058,Canadian Mist,Canada,,,,,,,,,,,,high,,https://www.whisky.com/whisky-database/distilleries/details/canadian-mist.html,,6.0
D0059,Buffalo Trace Distillery,Usa,,,,,,,,,,,,high,,,,
D0060,Four Roses Distillery,Usa,,,,,,,,,,,,high,,,,
D0061,Old Rip Van Winkle,Usa,,,,,,,,,,,,high,,,,
D0062,Old Grand-Dad Distillery,Usa,,,,,,,,,,,,high,,,,
D0063,Barton 1792 Distillery,Usa,,,,,,,,,,,,high,,,,
D0064,Stranahan'S Colorado Whiskey,Usa,,,,,,,,,,,,high,,,,
D0065,Bernheim,Usa,Kentucky,,,,,,,,,,,high,,https://www.whisky.com/whisky-database/distilleries/details/bernheim.html,,22.0
D0066,Virginia Distillery Company,Usa,,,,,,,,,,,,high,,,,
D0067,'T Koelschip,Netherlands,,,,,,,,,,,,high,,,,
D0068,10Th Mountain,United States,,,,,,,,,,,,high,,,,
D0069,2Bar Spirits,United States,,,,,,,,,,,,high,,,,
D0070,3 Badge Beverage,United States,,,,,,,,,,,,high,,,,
D0071,3 Howls Distillery,United States,,,,,,,,,,,,high,,,,
D0072,45Th Parallel,United States,,,,,,,,,,,,high,,,,
D0073,A. Smith Bowman,United States,,,,,,,,,,,,high,,,,
D0074,Aber Falls Whisky Distillery (Distyllfa Wisgi Aber Falls),United Kingdom,,,,,,,,,,,,high,,,,
D0075,Acha,Spain,,,,,,,,,,,,high,,https://www.whisky.com/whisky-database/distilleries/details/acha.html,,6.0
D0076,Adirondack Distilling Co.,United States,,,,,,,,,,,,high,,,,
D0077,Adnams,United Kingdom,,,,,,,,,,,,high,,,,
D0078,Aecht Schlenkerla,Germany,,,,,,,,,,,,high,,,,
D0079,Æppeltreow,United States,,,,,,,,,,,,high,,,,
D0080,Ærø Whisky,Denmark,,,,,,,,,,,,high,,,,
D0081,Agárdi Pálinkafőzde,Hungary,,,,,,,,,,,,high,,,,
D0082,Agder Brenneri,Norway,,,,,,,,,,,,high,,,,
D0083,Aichinger,Austria,,,,,,,,,,,,high,,https://www.whisky.com/whisky-database/distilleries/details/aichinger.html,,5.0
D0084,Aioi Unibio Co. Ltd.,Japan,,,,,,,,,,,,high,,,,
D0085,Akkeshi Distillery,Japan,,,,,,,,,,,,high,,,,
D0086,Alambik,Netherlands,,,,,,,,,,,,high,,,,
D0087,Alaska Distillery,United States,,,,,,,,,,,,high,,,,
D0088,Albany Distilling,United States,,,,,,,,,,,,high,,,,
D0089,Alberta Distillers Ltd.,Canada,,,,,,,,,,,,high,,,,
D0090,Alde Gott,Germany,,,,,,,,,,,,high,,,,
D0091,Alley 6 Craft Distillery,United States,,,,,,,,,,,,high,,,,
D0092,Allgäu-Brennerei Günther Gmbh,Germany,,,,,,,,,,,,high,,,,
D0093,Alpenwhisky-Destillerie,Austria,,,,,,,,,,,,high,,,,
D0094,Alpirsbacher Klosterbräu,Germany,,,,,,,,,,,,high,,,,
D0095,Alt Enderle,Germany,,,,,,,,,,,,high,,https://www.whisky.com/whisky-database/distilleries/details/alt-enderle.html,,13.0
D0096,Alte Brennerei,Switzerland,,,,,,,,,,,,high,,,,
D0097,Alte Hausbrennerei A. Wecklein,Germany,,,,,,,,,,,,high,,,,
D0098,Altore,France,,,,,,,,,,,,high,,,,
D0099,Amador Distillery,United States,,,,,,,,,,,,high,,,,
D0100,Anchor Distilling Company,United States,,,,,,,,,,,,high,,,,
D0101,Anglesey Môn Distillery,United Kingdom,,,,,,,,,,,,high,,,,
D0102,Anno 1940,Austria,,,,,,,,,,,,high,,,,
D0103,Archie Rose Distilling Co.,Australia,,,,,,,,,,,,high,,,,
D0104,Arcus,Norway,,,,,,,,,,,,high,,,,
D0105,Arizona High Spirits Distillery,United States,,,,,,,,,,,,high,,,,
D0106,Arnsteiner Brauerei,Germany,,,,,,,,,,,,high,,,,
D0107,Asaka,Japan,,,,,,,,,,,,high,,,,
D0108,Ascendant Spirits,United States,,,,,,,,,,,,high,,,,
D0109,Asheville Distilling Co.,United States,,,,,,,,,,,,high,,,,
D0110,Astidama,Indonesia,,,,,,,,,,,,high,,,,
D0111,Asw,United States,,,,,,,,,,,,high,,,,
D0112,Asylum Distillery,United States,,,,,,,,,,,,high,,,,
D0113,Auchnagie,Scotland,Highlands,,,,,,,,,,,high,,https://www.whisky.com/whisky-database/distilleries/details/auchnagie.html,,
D0114,Augustus Rex,Germany,,,,,,,,,,,,high,,,,
D0115,Aurora Spirit,Norway,,,,,,,,,,,,high,,https://www.whisky.com/whisky-database/distilleries/details/aurora-spirit.html,,8.0
D0116,Authentic Seacoast Distilling Co. Ltd.,Canada,,,,,,,,,,,,high,,,,
D0117,Avadis Distillery,Germany,,,,,,,,,,,,high,,,,
D0118,Az-Granata,Azerbaijan,,,,,,,,,,,,high,,,,
D0119,Bachgau-Destille,Germany,,,,,,,,,,,,high,,,,
D0120,Badmils Black Distillery,Austria,,,,,,,,,,,,high,,,,
D0121,Bainbridge,United States,,,,,,,,,,,,high,,,,
D0122,Bakery Hill Distillery,Australia,,,,,,,,,,,,high,,,,
D0123,Balcones Distilling,United States,,,,,,,,,,,,high,,,,
D0124,Ballast Point,United States,,,,,,,,,,,,high,,,,
D0125,Ballykeefe Distillery,Ireland,,,,,,,,,,,,high,,,,
D0126,Bandon Distillery,Ireland,,,,,,,,,,,,high,,,,
D0127,Bardstown Bourbon Company,United States,,,,,,,,,,,,high,,,,
D0128,Barrel House Distillery,United States,,,,,,,,,,,,high,,,,
D0129,Barrell Craft Spirits,United States,,,,,,,,,,,,high,,,,
D0130,Basilico France,France,,,,,,,,,,,,high,,,,
D0131,Békési Manufaktúra,Hungary,,,,,,,,,,,,high,,,,
D0132,Belgrove,Australia,,,,,,,,,,,,high,,,,
D0133,Bellerhof-Brennerei,Germany,,,,,,,,,,,,high,,,,
D0134,Belmont Distillery,United States,,,,,,,,,,,,high,,,,
D0135,Belmont Farm Distillery,United States,,,,,,,,,,,,high,,,,
D0136,Bendistillery,United States,,,,,,,,,,,,high,,,,
D0137,Bent Brewstillery,United States,,,,,,,,,,,,high,,,,
D0138,Berkshire Mountain Distillers,United States,,,,,,,,,,,,high,,,,
D0139,Bertrand,France,,,,,,,,,,,,high,,,,
D0140,Bflo Distilling Company,United States,,,,,,,,,,,,high,,,,
D0141,Bières Michard,France,,,,,,,,,,,,high,,,,
D0142,Bieri Brennerei Bauernhof,Switzerland,,,,,,,,,,,,high,,,,
D0143,Big Bottom Distilling,United States,,,,,,,,,,,,high,,,,
D0144,Bimber Distillery,United Kingdom,,,,,,,,,,,,high,,,,
D0145,Birgitta Rust - Piekfeine Brände E.K.,Germany,,,,,,,,,,,,high,,,,
D0146,Birkenhof-Brennerei Gmbh,Germany,,,,,,,,,,,,high,,https://www.whisky.com/whisky-database/distilleries/details/birkenhof-brennerei-gmbh.html,,34.0
D0147,Black Button Distilling,United States,,,,,,,,,,,,high,,,,
D0148,Black Canyon Distillery,United States,,,,,,,,,,,,high,,,,
D0149,Black Dirt Distillery,United States,,,,,,,,,,,,high,,,,
D0150,Black Gate Distillery,Australia,,,,,,,,,,,,high,,,,
D0151,Black Heron Spirits,United States,,,,,,,,,,,,high,,,,
D0152,Blackwater Distillery,Ireland,,,,,,,,,,,,high,,,,
D0153,Blaue Maus,Germany,,,,,,,,,,,,high,,,,
D0154,Blaum Bros. Distilling Co.,United States,,,,,,,,,,,,high,,,,
D0155,Blue Monkey Brewery,United Kingdom,,,,,,,,,,,,high,,,,
D0156,Blue Ridge Distilling Co.,United States,,,,,,,,,,,,high,,,,
D0157,Blue Spirits Distilling,United States,,,,,,,,,,,,high,,,,
D0158,Bluegrass Distillers,United States,,,,,,,,,,,,high,,,,
D0159,Boann Distillery,Ireland,,,,,,,,,,,,high,,,,
D0160,Böckl,Austria,,,,,,,,,,,,high,,https://www.whisky.com/whisky-database/distilleries/details/boeckl.html,,1.0
D0161,Bolanachi,Egypt,,,,,,,,,,,,high,,,,
D0162,Bold’S Schnapsideen,Germany,,,,,,,,,,,,high,,,,
D0163,Boldizar,Germany,,,,,,,,,,,,high,,,,
D0164,Bone Spirits,United States,,,,,,,,,,,,high,,,,
D0165,Boone County Distilling Co.,United States,,,,,,,,,,,,high,,,,
D0166,Bosch-Edelbrand,Germany,,,,,,,,,,,,high,,,,
D0167,Boston Harbor Distillery,United States,,,,,,,,,,,,high,,,,
D0168,Böttchehof,Germany,,,,,,,,,,,,high,,,,
D0169,Bow Street Distillery,Ireland,,,,,,,,,,,,high,,,,
D0170,Box,Sweden,,,,,,,,,,,,high,,,,
D0171,Braeckman Distillers,Belgium,,,,,,,,,,,,high,,,,
D0172,Brænderiet Limfjorden,Denmark,,,,,,,,,,,,high,,,,
D0173,Branger,Austria,,,,,,,,,,,,high,,,,
D0174,Brasserie De Bercloux,France,,,,,,,,,,,,high,,,,
D0175,Brauerei Aare Bier / Old River,Switzerland,,,,,,,,,,,,high,,,,
D0176,Brauerei Baumgartner Tiroler Bier,Austria,,,,,,,,,,,,high,,,,
D0177,Brauerei Falken Ag,Switzerland,,,,,,,,,,,,high,,,,
D0178,Brauerei Locher,Switzerland,,,,,,,,,,,,high,,,,
D0179,Brauerei Monstein,Switzerland,,,,,,,,,,,,high,,,,
D0180,Brauerei Unser Bier,Switzerland,,,,,,,,,,,,high,,,,
D0181,Braugasthof Papiermühle,Germany,,,,,,,,,,,,high,,,,
D0182,Brauhaus Am Lohberg Zu Wismar,Germany,,,,,,,,,,,,high,,,,
D0183,Braunstein,Denmark,,,,,,,,,,,,high,,https://www.whisky.com/whisky-database/distilleries/details/braunstein.html,,4.0
D0184,Breckenridge Distillery,United States,,,,,,,,,,,,high,,,,
D0185,Brenne,France,,,,,,,,,,,,high,,,,
D0186,Brennerei & Mosterei Stadelmann,Switzerland,,,,,,,,,,,,high,,,,
D0187,Brennerei Brehmer-Knauer,Germany,,,,,,,,,,,,high,,,,
D0188,Brennerei Druffel,Germany,,,,,,,,,,,,high,,,,
D0189,Brennerei E. & R. Brasch,Germany,,,,,,,,,,,,high,,,,
D0190,Brennerei Ehringhausen,Germany,,,,,,,,,,,,high,,,,
D0191,Brennerei Eiger,Switzerland,,,,,,,,,,,,high,,,,
D0192,Brennerei Feller,Germany,,,,,,,,,,,,high,,,,
D0193,Brennerei Grogg,Switzerland,,,,,,,,,,,,high,,,,
D0194,Brennerei Gruel,Germany,,,,,,,,,,,,high,,,,
D0195,Brennerei Henrich,Germany,,,,,,,,,,,,high,,,,
D0196,Brennerei Höck,Austria,,,,,,,,,,,,high,,,,
D0197,Brennerei Höhler,Germany,,,,,,,,,,,,high,,,,
D0198,Brennerei Kramer,Switzerland,,,,,,,,,,,,high,,,,
D0199,Brennerei L. Psenner,Italy,,,,,,,,,,,,high,,,,
D0200,Brennerei Lanz,Switzerland,,,,,,,,,,,,high,,,,
D0201,Brennerei Ludwig Faber,Germany,,,,,,,,,,,,high,,,,
D0202,Brennerei Martin Meier,Germany,,,,,,,,,,,,high,,,,
D0203,Brennerei Mühlenthal,Germany,,,,,,,,,,,,high,,,,
D0204,Brennerei Roder,Germany,,,,,,,,,,,,high,,,,
D0205,Brennerei Schwab,Switzerland,,,,,,,,,,,,high,,,,
D0206,Brennerei Volker Theurer Im Gasthof Lamm,Germany,,,,,,,,,,,,high,,,,
D0207,Brennerei Wild,Germany,,,,,,,,,,,,high,,,,
D0208,Brennerei Ziegler,Germany,,,,,,,,,,,,high,,,,
D0209,Brennerei Zürcher,Switzerland,,,,,,,,,,,,high,,,,
D0210,Breuckelen Distilling,United States,,,,,,,,,,,,high,,,,
D0211,Brickway Distillery,United States,,,,,,,,,,,,high,,,,
D0212,Broad Branch Distillery,United States,,,,,,,,,,,,high,,,,
D0213,Broadbent,United States,,,,,,,,,,,,high,,,,
D0214,Broger,Austria,,,,,,,,,,,,high,,https://www.whisky.com/whisky-database/distilleries/details/broger.html,,1.0
D0215,Brouwerij De Molen,Netherlands,,,,,,,,,,,,high,,,,
D0216,Brouwerij Wilderen,Belgium,,,,,,,,,,,,high,,,,
D0217,Brouwerij-Stokerij Pirlot,Belgium,,,,,,,,,,,,high,,,,
D0218,Brown-Forman Distillery,United States,,,,,,,,,,,,high,,,,
D0219,Bruckners Erz Bräu,Austria,,,,,,,,,,,,high,,,,
D0220,Brûlerie Du Revermont,France,,,,,,,,,,,,high,,,,
D0221,Brunschwiler Brennerei,Switzerland,,,,,,,,,,,,high,,,,
D0222,Bull Run Distilling Co.,United States,,,,,,,,,,,,high,,,,
D0223,Bulleit Distilling Co.,United States,,,,,,,,,,,,high,,,,
D0224,Bully Boy Distillers,United States,,,,,,,,,,,,high,,,,
D0225,Burgdorfer,Switzerland,,,,,,,,,,,,high,,,,
D0226,Burger Hofbrennerei,Germany,,,,,,,,,,,,high,,https://www.whisky.com/whisky-database/distilleries/details/burger-hofbrennerei.html,,5.0
D0227,C. W. Falckenthal Söhne,Germany,,,,,,,,,,,,high,,,,
D0228,Cadushy Distillery,Netherlands Antilles,,,,,,,,,,,,high,,,,
D0229,Caldera Distilling,Canada,,,,,,,,,,,,high,,,,
D0230,Calvados Pierre Huet,France,,,,,,,,,,,,high,,,,
D0231,Camp 1805,United States,,,,,,,,,,,,high,,,,
D0232,Carbon Glacier Distillery,United States,,,,,,,,,,,,high,,,,
D0233,Cardrona Distillery,New Zealand,,,,,,,,,,,,high,,,,
D0234,Cascade Hollow Distillery,United States,,,,,,,,,,,,high,,,,
D0235,Cascade Peak Spirits,United States,,,,,,,,,,,,high,,,,
D0236,Cathead Distillery,United States,,,,,,,,,,,,high,,,,
D0237,Catoctin Creek Distillery,United States,,,,,,,,,,,,high,,,,
D0238,Catskill Distilling Company,United States,,,,,,,,,,,,high,,,,
D0239,Cave De La Crausaz,Switzerland,,,,,,,,,,,,high,,,,
D0240,Cedar Ridge Winery & Distillery,United States,,,,,,,,,,,,high,,,,
D0241,Central City Brewers + Distillers,Canada,,,,,,,,,,,,high,,,,
D0242,Central Standard Craft Distillery,United States,,,,,,,,,,,,high,,,,
D0243,Charbay Distillery & Winery,United States,,,,,,,,,,,,high,,,,
D0244,Charles Medley Distillery,United States,,,,,,,,,,,,high,,,,
D0245,Chase Distillery,United Kingdom,,,,,,,,,,,,high,,,,
D0246,Chichibu,Japan,,,,,,,,,,,,high,,https://www.whisky.com/whisky-database/distilleries/details/chichibu.html,,41.0
D0247,Chicken Cock Distilleries,United States,,,,,,,,,,,,high,,,,
D0248,Chicken Hill,Switzerland,,,,,,,,,,,,high,,,,
D0249,Chita,Japan,,,,,,,,,,,,high,,https://www.whisky.com/whisky-database/distilleries/details/chita.html,,5.0
D0250,Chugoku Jozo,Japan,,,,,,,,,,,,high,,,,
D0251,Churfirsten Brennerei,Switzerland,,,,,,,,,,,,high,,,,
D0252,Ciechan,Poland,,,,,,,,,,,,high,,,,
D0253,Clear Creek Distillery,United States,,,,,,,,,,,,high,,,,
D0254,Cleveland Whiskey,United States,,,,,,,,,,,,high,,,,
D0255,Clonakilty Distillery,Ireland,,,,,,,,,,,,high,,,,
D0256,Coillmór,Germany,,,,,,,,,,,,high,,,,
D0257,Collier And Mckeel,United States,,,,,,,,,,,,high,,,,
D0258,Colorado Gold Distillery,United States,,,,,,,,,,,,high,,,,
D0259,Conecuh Ridge Distillery,United States,,,,,,,,,,,,high,,,,
D0260,Connacht Distillery,Ireland,,,,,,,,,,,,high,,,,
D0261,Cooley Distillery,Ireland,,,,,,,,,,,,high,,,,
D0262,Cooper King Distillery Ltd.,United Kingdom,,,,,,,,,,,,high,,,,
D0263,Cooperstown Distillery,United States,,,,,,,,,,,,high,,,,
D0264,Copper Fox Distillery,United States,,,,,,,,,,,,high,,,,
D0265,Copper Rivet Distillery,United Kingdom,,,,,,,,,,,,high,,,,
D0266,Copper Run Distillery,United States,,,,,,,,,,,,high,,,,
D0267,Coppersea Distilling,United States,,,,,,,,,,,,high,,,,
D0268,Copperworks Distilling Co.,United States,,,,,,,,,,,,high,,,,
D0269,Corby Spirit And Wine Ltd.,Canada,,,,,,,,,,,,high,,,,
D0270,Cornelius Pass Roadhouse Distillery,United States,,,,,,,,,,,,high,,,,
D0271,Corsair Artisan Distillery,United States,,,,,,,,,,,,high,,,,
D0272,Cotswolds Distillery,United Kingdom,,,,,,,,,,,,high,,,,
D0273,Cradle Mountain,Australia,,,,,,,,,,,,high,,,,
D0274,Craft Distillers,United States,,,,,,,,,,,,high,,,,
D0275,Crooked Water Spirits,United States,,,,,,,,,,,,high,,,,
D0276,Cut Spike Distillery,United States,,,,,,,,,,,,high,,,,
D0277,Dà Mhìle Distillery,United Kingdom,,,,,,,,,,,,high,,,,
D0278,Dachstein Destillerie Mandlberggut,Austria,,,,,,,,,,,,high,,,,
D0279,Dakota Spirits Distillery L.L.C.,United States,,,,,,,,,,,,high,,,,
D0280,Dallas Distilleries Inc.,United States,,,,,,,,,,,,high,,,,
D0281,Dancing Cows Distillery,United Kingdom,,,,,,,,,,,,high,,,,
D0282,Dancing Goat Distillery,United States,,,,,,,,,,,,high,,,,
D0283,Dancing Pines Distillery,United States,,,,,,,,,,,,high,,,,
D0284,Dark Corner Distillery,United States,,,,,,,,,,,,high,,,,
D0285,Dark Horse,United States,,,,,,,,,,,,high,,,,
D0286,Dartmoor Whisky Distillery,United Kingdom,,,,,,,,,,,,high,,,,
D0287,De Graal,Belgium,,,,,,,,,,,,high,,,,
D0288,De Lepelaar,Netherlands,,,,,,,,,,,,high,,,,
D0289,De Lepelaar Gevestigd Op Landgoed De Bonte Belevenis,Netherlands,,,,,,,,,,,,high,,,,
D0290,De Schans,Netherlands,,,,,,,,,,,,high,,,,
D0291,De Tweekoppige Phoenix,Netherlands,,,,,,,,,,,,high,,,,
D0292,Death'S Door Distillery,United States,,,,,,,,,,,,high,,,,
D0293,Deception Distilling,United States,,,,,,,,,,,,high,,,,
D0294,Deerhammer,United States,,,,,,,,,,,,high,,,,
D0295,Deheck,Germany,,,,,,,,,,,,high,,,,
D0296,Delaware Phoenix Distillery,United States,,,,,,,,,,,,high,,,,
D0297,Demmel & Cie.,Germany,,,,,,,,,,,,high,,,,
D0298,"Destileria Limtuaco & Co., Inc.",Philippines,,,,,,,,,,,,high,,,,
D0299,"Destilerías Aldea, S.L.",Spain,,,,,,,,,,,,high,,,,
D0300,Destilerías Y Crianza,Spain,,,,,,,,,,,,high,,,,
D0301,Destilérka Svach,Czech Republic,,,,,,,,,,,,high,,,,
D0302,Destillate Siegfried Herzog,Austria,,,,,,,,,,,,high,,,,
D0303,Destille Kaltenthaler,Germany,,,,,,,,,,,,high,,,,
D0304,Destillerie & Genussmanufaktur Rieger & Hofmeister,Germany,,,,,,,,,,,,high,,,,
D0305,Destillerie Egnach,Switzerland,,,,,,,,,,,,high,,,,
D0306,Destillerie Farthofer,Austria,,,,,,,,,,,,high,,,,
D0307,Destillerie Gößwein,Germany,,,,,,,,,,,,high,,,,
D0308,Destillerie Günter Busch,Germany,,,,,,,,,,,,high,,,,
D0309,Destillerie Hirtner,Austria,,,,,,,,,,,,high,,,,
D0310,Destillerie Ralf Hauer,Germany,,,,,,,,,,,,high,,,,
D0311,Destillerie Rogner,Austria,,,,,,,,,,,,high,,,,
D0312,Destillerie Wilhelm Behr,Germany,,,,,,,,,,,,high,,,,
D0313,Destylarnia Piasecki,Poland,,,,,,,,,,,,high,,,,
D0314,Det Norske Brenneri,Norway,,,,,,,,,,,,high,,,,
D0315,Detroit City Distillery,United States,,,,,,,,,,,,high,,,,
D0316,Didier Barbe Entreprise,France,,,,,,,,,,,,high,,,,
D0317,Die Kleinbrennerei Rackelmann,Germany,,,,,,,,,,,,high,,,,
D0318,Die Kleine Destillerie,Germany,,,,,,,,,,,,high,,,,
D0319,Diesdorfer,Germany,,,,,,,,,,,,high,,,,
D0320,Dietrich,Austria,,,,,,,,,,,,high,,,,
D0321,Difrulux - Distillerie Luxembourg Sàrl,Luxembourg,,,,,,,,,,,,high,,,,
D0322,Dillon'S Small Batch  Distillers,Canada,,,,,,,,,,,,high,,,,
D0323,Distilleerderij Keuris,Netherlands,,,,,,,,,,,,high,,,,
D0324,Distillerie Castan,France,,,,,,,,,,,,high,,,,
D0325,Distillerie Claeyssens De Wambrechies,France,,,,,,,,,,,,high,,,,
D0326,Distillerie De Biercée,Belgium,,,,,,,,,,,,high,,,,
D0327,Distillerie De Monsieur Balthazar,France,,,,,,,,,,,,high,,,,
D0328,Distillerie De Paris,France,,,,,,,,,,,,high,,,,
D0329,Distillerie Des Menhirs,France,,,,,,,,,,,,high,,,,
D0330,Distillerie Diedenacker,Luxembourg,,,,,,,,,,,,high,,,,
D0331,Distillerie Dreum,France,,,,,,,,,,,,high,,,,
D0332,Distillerie Du Pays D'Othe,France,,,,,,,,,,,,high,,,,
D0333,Distillerie Du Périgord,France,,,,,,,,,,,,high,,,,
D0334,Distillerie Du St. Laurent,Canada,,,,,,,,,,,,high,,,,
D0335,Distillerie Ergaster,France,,,,,,,,,,,,high,,,,
D0336,Distillerie G. Miclo,France,,,,,,,,,,,,high,,,,
D0337,Distillerie Grallet-Dupic,France,,,,,,,,,,,,high,,,,
D0338,Distillerie Janot,France,,,,,,,,,,,,high,,,,
D0339,Distillerie La Rouget De L'Isle,France,,,,,,,,,,,,high,,,,
D0340,Distillerie Mavela,France,,,,,,,,,,,,high,,,,
D0341,Distillerie Meyer,France,,,,,,,,,,,,high,,,,
D0342,Distillerie Moutard,France,,,,,,,,,,,,high,,,,
D0343,Distillerie Muller-Lemmer,Luxembourg,,,,,,,,,,,,high,,,,
D0344,Distillerie Quintessence,France,,,,,,,,,,,,high,,,,
D0345,Distillerie Seetal Gmbh,Switzerland,,,,,,,,,,,,high,,,,
D0346,Distillerie Theo Preiss,France,,,,,,,,,,,,high,,,,
D0347,Distillery 291,United States,,,,,,,,,,,,high,,,,
D0348,Do Good Distillery,United States,,,,,,,,,,,,high,,,,
D0349,Dobson'S,Australia,,,,,,,,,,,,high,,,,
D0350,Doc Porter'S Distillery,United States,,,,,,,,,,,,high,,,,
D0351,Dolleruper Destille,Germany,,,,,,,,,,,,high,,,,
D0352,Domaine De Bourjac,France,,,,,,,,,,,,high,,,,
D0353,Domaine Des Hautes Glaces,France,,,,,,,,,,,,high,,https://www.whisky.com/whisky-database/distilleries/details/domaine-des-hautes-glaces.html,,3.0
D0354,Don Quixote Distillery,United States,,,,,,,,,,,,high,,,,
D0355,Donner-Peltier Distillers,United States,,,,,,,,,,,,high,,,,
D0356,Door County Distillery,United States,,,,,,,,,,,,high,,,,
D0357,Downslope Distilling,United States,,,,,,,,,,,,high,,,,
D0358,Doz De Dauzanges,France,,,,,,,,,,,,high,,,,
D0359,Drentsche Schans,Netherlands,,,,,,,,,,,,high,,,,
D0360,Drexler,Germany,,,,,,,,,,,,high,,,,
D0361,Dry County Distillery,United States,,,,,,,,,,,,high,,,,
D0362,Dry Fly Distilling,United States,,,,,,,,,,,,high,,,,
D0363,Dundalk Distillery,Ireland,,,,,,,,,,,,high,,,,
D0364,Durham Distillery,United Kingdom,,,,,,,,,,,,high,,,,
D0365,Dürr Edelbranntweine Gmbh,Germany,,,,,,,,,,,,high,,,,
D0366,Duvel Moortgat,Belgium,,,,,,,,,,,,high,,,,
D0367,Dyrehøj Vingård,Denmark,,,,,,,,,,,,high,,,,
D0368,Eaglesburn Distillery,Netherlands,,,,,,,,,,,,high,,,,
D0369,East London Liquor Company,United Kingdom,,,,,,,,,,,,high,,,,
D0370,Eastside Distilling,United States,,,,,,,,,,,,high,,,,
D0371,Eau Claire Distillery Ltd.,Canada,,,,,,,,,,,,high,,,,
D0372,Echlinville Distillery Ltd,Ireland,,,,,,,,,,,,high,,,,
D0373,Edelbrände Senft,Germany,,,,,,,,,,,,high,,https://www.whisky.com/whisky-database/distilleries/details/edelbraende-senft.html,,15.0
D0374,Edelbrennerei Anton Bischof,Germany,,,,,,,,,,,,high,,,,
D0375,Edelbrennerei Dirker,Germany,,,,,,,,,,,,high,,,,
D0376,Edelbrennerei Haas,Germany,,,,,,,,,,,,high,,,,
D0377,Edelbrennerei Schloss Neuenburg,Germany,,,,,,,,,,,,high,,https://www.whisky.com/whisky-database/distilleries/details/edelbrennerei-schloss-neuenburg.html,,25.0
D0378,Edelobst & Whiskydestille Höning,Germany,,,,,,,,,,,,high,,,,
D0379,Edgefield Distillery,United States,,,,,,,,,,,,high,,,,
D0380,Eifel Destillate,Germany,,,,,,,,,,,,high,,,,
D0381,Eigashima Shuzo,Japan,,,,,,,,,,,,high,,,,
D0382,Eimverk Distillery,Iceland,,,,,,,,,,,,high,,,,
D0383,Eleven Wells Spirit,United States,,,,,,,,,,,,high,,,,
D0384,Ellensburg Distillery,United States,,,,,,,,,,,,high,,,,
D0385,"Emperador Distillers, Inc.",Philippines,,,,,,,,,,,,high,,,,
D0386,Enghaven,Denmark,,,,,,,,,,,,high,,,,
D0387,English Spirit Distillery (Main Distillery),United Kingdom,,,,,,,,,,,,high,,,,
D0388,English Spirit Distillery (Old Salt Depot),United Kingdom,,,,,,,,,,,,high,,,,
D0389,English Spirit Distillery (Treguddick Manor),United Kingdom,,,,,,,,,,,,high,,,,
D0390,Erismann,Switzerland,,,,,,,,,,,,high,,,,
D0391,Erlebnisbrennerei Kallnach,Switzerland,,,,,,,,,,,,high,,,,
D0392,Etter,Switzerland,,,,,,,,,,,,high,,,,
D0393,Ezra Cox Distillery,United States,,,,,,,,,,,,high,,,,
D0394,Fary Lochan,Denmark,,,,,,,,,,,,high,,https://www.whisky.com/whisky-database/distilleries/details/fary-lochan.html,,3.0
D0395,Feinbrennerei Simon'S,Germany,,,,,,,,,,,,high,,,,
D0396,Feiner Kappler,Germany,,,,,,,,,,,,high,,,,
D0397,Feisty Spirits Distillery,United States,,,,,,,,,,,,high,,,,
D0398,Few Spirits,United States,,,,,,,,,,,,high,,,,
D0399,Filibuster Distillery,United States,,,,,,,,,,,,high,,,,
D0400,Finch Whiskydestillerie,Germany,,,,,,,,,,,,high,,,,
D0401,Finger Lakes Distilling,United States,,,,,,,,,,,,high,,,,
D0402,Fisselier,France,,,,,,,,,,,,high,,,,
D0403,Fleurieu Distillery,Australia,,,,,,,,,,,,high,,,,
D0404,Florida Caribbean Distillers,United States,,,,,,,,,,,,high,,,,
D0405,Florida Farm Distillers,United States,,,,,,,,,,,,high,,,,
D0406,Fogs'S End Distillery,United States,,,,,,,,,,,,high,,,,
D0407,Foothills Distillery,United States,,,,,,,,,,,,high,,,,
D0408,Forgan Distillery Ltd.,United Kingdom,,,,,,,,,,,,high,,,,
D0409,Forschungs- Und Lehrbrennerei Der Uni Hohenheim,Germany,,,,,,,,,,,,high,,,,
D0410,Franken Bräu Riedbach,Germany,,,,,,,,,,,,high,,,,
D0411,Frankford Distillery Inc.,United States,,,,,,,,,,,,high,,,,
D0412,Franklin County Distilleries,United States,,,,,,,,,,,,high,,,,
D0413,Franz Kostenzer,Austria,,,,,,,,,,,,high,,,,
D0414,Franz Stettner & Sohn Gmbh,Germany,,,,,,,,,,,,high,,,,
D0415,Franzlahof,Austria,,,,,,,,,,,,high,,,,
D0416,Fremont Mischief Distillery,United States,,,,,,,,,,,,high,,,,
D0417,Fuji Gotemba,Japan,,,,,,,,,,,,high,,https://www.whisky.com/whisky-database/distilleries/details/fuji-gotemba.html,,24.0
D0418,Fukano Distillery,Japan,,,,,,,,,,,,high,,,,
D0419,Gammelstilla Whisky Ab,Sweden,,,,,,,,,,,,high,,,,
D0420,Garrison Brothers Distillery,United States,,,,,,,,,,,,high,,,,
D0421,Gasthausbrauerei Wismar Gmbh,Germany,,,,,,,,,,,,high,,,,
D0422,Gasthof Hirsch,Germany,,,,,,,,,,,,high,,,,
D0423,Geistreich Feindestillerie,Germany,,,,,,,,,,,,high,,,,
D0424,Gelephu Distillery,Bhutan,,,,,,,,,,,,high,,,,
D0425,Gemenc Distillery,Hungary,,,,,,,,,,,,high,,,,
D0426,George Washington'S Grist Mill And Distillery,United States,,,,,,,,,,,,high,,,,
D0427,Georges Lacroix,France,,,,,,,,,,,,high,,,,
D0428,Georgia Distilling Company,United States,,,,,,,,,,,,high,,,,
D0429,Gerhard Büchner,Germany,,,,,,,,,,,,high,,,,
D0430,Gerlachus Stokerij,Netherlands,,,,,,,,,,,,high,,,,
D0431,Gilbert Holl,France,,,,,,,,,,,,high,,,,
D0432,Gimli,Canada,,,,,,,,,,,,high,,https://www.whisky.com/whisky-database/distilleries/details/gimli.html,,37.0
D0433,Ginebra San Miguel Inc.,Philippines,,,,,,,,,,,,high,,,,
D0434,Glacier Distilling,United States,,,,,,,,,,,,high,,,,
D0435,Glan Iarran,Germany,,,,,,,,,,,,high,,,,
D0436,Glann Ar Mor,France,,,,,,,,,,,,high,,,,
D0437,Glen Els,Germany,,,,,,,,,,,,high,,,,
D0438,Glen Kella,United Kingdom,,,,,,,,,,,,high,,,,
D0439,Glen Utin / Edelobstbrennerei Muenster,Germany,,,,,,,,,,,,high,,,,
D0440,Glenmore Distilleries Co.,United States,,,,,,,,,,,,high,,,,
D0441,Glenora Distillery,Canada,,,,,,,,,,,,high,,,,
D0442,Glina Whisky Destillerie,Germany,,,,,,,,,,,,high,,,,
D0443,Goalong Liquor,China,,,,,,,,,,,,high,,,,
D0444,Godet Frères Cognac,France,,,,,,,,,,,,high,,,,
D0445,Golden Distillery,United States,,,,,,,,,,,,high,,,,
D0446,Golden Moon Distillery,United States,,,,,,,,,,,,high,,,,
D0447,Gölles,Austria,,,,,,,,,,,,high,,https://www.whisky.com/whisky-database/distilleries/details/goelles.html,,4.0
D0448,Goodridge & Willams,Canada,,,,,,,,,,,,high,,,,
D0449,Gotland Whisky,Sweden,,,,,,,,,,,,high,,,,
D0450,Gourmet Berner Gmbh & Co. Kg,Germany,,,,,,,,,,,,high,,,,
D0451,Graanbranderij De Ijsvogel,Netherlands,,,,,,,,,,,,high,,,,
D0452,Graanstokerij Filliers,Belgium,,,,,,,,,,,,high,,,,
D0453,Grand Traverse Distillery,United States,,,,,,,,,,,,high,,,,
D0454,Grandten Distilling,United States,,,,,,,,,,,,high,,,,
D0455,Granit Destillerie,Austria,,,,,,,,,,,,high,,,,
D0456,Great Lakes Distillery,United States,,,,,,,,,,,,high,,,,
D0457,Great Northern Distillery,Ireland,,,,,,,,,,,,high,,,,
D0458,Great Outback,Australia,,,,,,,,,,,,high,,,,
D0459,Great Southern Distilling Company,Australia,,,,,,,,,,,,high,,,,
D0460,Great Wagon Road Distilling Company,United States,,,,,,,,,,,,high,,,,
D0461,Green River Distillery,United States,,,,,,,,,,,,high,,,,
D0462,Greenbar Distillery,United States,,,,,,,,,,,,high,,,,
D0463,Griffin Ranch Micro Distillery,United States,,,,,,,,,,,,high,,,,
D0464,Griffo Distillery,United States,,,,,,,,,,,,high,,,,
D0465,Grythyttan,Sweden,,,,,,,,,,,,high,,,,
D0466,Guglhof,Austria,,,,,,,,,,,,high,,https://www.whisky.com/whisky-database/distilleries/details/guglhof.html,,4.0
D0467,Guillon,France,,,,,,,,,,,,high,,,,
D0468,Gute Destilleri,Sweden,,,,,,,,,,,,high,,,,
D0469,Gutshof Andres,Germany,,,,,,,,,,,,high,,,,
D0470,Gyokusendo Shuzo,Japan,,,,,,,,,,,,high,,,,
D0471,H.Clark Distillery,United States,,,,,,,,,,,,high,,,,
D0472,Habbel'S Destillerie & Brennerei,Germany,,,,,,,,,,,,high,,,,
D0473,Hafendestillerie,Germany,,,,,,,,,,,,high,,,,
D0474,Hagen-Rühli,Switzerland,,,,,,,,,,,,high,,,,
D0475,Hali'Imaile Distilling Co.,United States,,,,,,,,,,,,high,,,,
D0476,Hamilton Distillers,United States,,,,,,,,,,,,high,,,,
D0477,Hanyu,Japan,,,,,,,,,,,,high,,,,
D0478,Harald Keckeis,Austria,,,,,,,,,,,,high,,,,
D0479,Harrogate Distillery Ltd,United Kingdom,,,,,,,,,,,,high,,,,
D0480,Hartfield & Co.,United States,,,,,,,,,,,,high,,,,
D0481,Hausbrauerei Altstadthof,Germany,,,,,,,,,,,,high,,https://www.whisky.com/whisky-database/distilleries/details/hausbrauerei-altstadthof.html,,29.0
D0482,Hausbrennerei Hettig,Germany,,,,,,,,,,,,high,,,,
D0483,Headframe Spirits,United States,,,,,,,,,,,,high,,,,
D0484,Healey'S Cornish Cyder Farm,United Kingdom,,,,,,,,,,,,high,,,,
D0485,"Heaven Hill Distilleries, Inc.",United States,,,,,,,,,,,,high,,,,
D0486,Helios Distillery,Japan,,,,,,,,,,,,high,,,,
D0487,Hellyers Road Distillery,Australia,,,,,,,,,,,,high,,,,
D0488,Henry Farms Prairie Spirits,United States,,,,,,,,,,,,high,,,,
D0489,Hepp,France,Alsace,,,,,,,,,,,high,,https://www.whisky.com/whisky-database/distilleries/details/hepp.html,,3.0
D0490,Heritage Distilling Company,United States,,,,,,,,,,,,high,,,,
D0491,Hessische Spezialitätenbrennerei-Behlen Gmbh,Germany,,,,,,,,,,,,high,,,,
D0492,Hiebl Destillerie,Austria,,,,,,,,,,,,high,,,,
D0493,Hierber Brennerei,Luxembourg,,,,,,,,,,,,high,,,,
D0494,Highglen Whisky Distillery,Switzerland,,,,,,,,,,,,high,,,,
D0495,Highspire Whiskey,Canada,,,,,,,,,,,,high,,,,
D0496,Highwood Distillers,Canada,,,,,,,,,,,,high,,,,
D0497,Hillrock Estate Distillery,United States,,,,,,,,,,,,high,,,,
D0498,Hoffman Distillery / Old Commonwealth Distillery,United States,,,,,,,,,,,,high,,,,
D0499,Höllberg Brennerei,Germany,,,,,,,,,,,,high,,,,
D0500,Hollen,Switzerland,,,,,,,,,,,,high,,,,
D0501,Homberg Kg Weinbrennerei - Schloss Magenheim,Germany,,,,,,,,,,,,high,,,,
D0502,Hood River Distillers Inc.,United States,,,,,,,,,,,,high,,,,
D0503,Horstman Destilleerderij,Netherlands,,,,,,,,,,,,high,,,,
D0504,House Spirits Distillery,United States,,,,,,,,,,,,high,,,,
D0505,Humbel Distillery,Switzerland,,,,,,,,,,,,high,,,,
D0506,Hven,Sweden,,,,,,,,,,,,high,,,,
D0507,Immortal Spirits & Distilling Company,United States,,,,,,,,,,,,high,,,,
D0508,Ingendael,Belgium,,,,,,,,,,,,high,,,,
D0509,Iron Smoke,United States,,,,,,,,,,,,high,,,,
D0510,Ironbridge Spirit Company,United Kingdom,,,,,,,,,,,,high,,,,
D0511,Isaiah Morgan,United States,,,,,,,,,,,,high,,,,
D0512,Isfjord,Denmark,,,,,,,,,,,,high,,https://www.whisky.com/whisky-database/distilleries/details/isfjord.html,,2.0
D0513,Isle Of Wight Distillery,United Kingdom,,,,,,,,,,,,high,,,,
D0514,It'S 5 Artisan Distillery,United States,,,,,,,,,,,,high,,,,
D0515,Ivy Mountain,United States,,,,,,,,,,,,high,,,,
D0516,J Et M Lehmann,France,,,,,,,,,,,,high,,,,
D0517,J. Riley Distillery,United States,,,,,,,,,,,,high,,,,
D0518,James Sedgwick,South Africa,,,,,,,,,,,,high,,,,
D0519,Jersey Spirits Distilling Co.,United States,,,,,,,,,,,,high,,,,
D0520,Jf Strothman Distillery,United States,,,,,,,,,,,,high,,,,
D0521,Joh. B. Geuting,Germany,,,,,,,,,,,,high,,https://www.whisky.com/whisky-database/distilleries/details/joh-b-geuting-distillery.html,,26.0
D0522,John Distilleries,India,,,,,,,,,,,,high,,,,
D0523,John Emerald Distilling Co.,United States,,,,,,,,,,,,high,,,,
D0524,John'S Lane Distillery,Ireland,,,,,,,,,,,,high,,,,
D0525,Jones Road Distillery,Ireland,,,,,,,,,,,,high,,,,
D0526,Jos. A. Magnus & Co.,United States,,,,,,,,,,,,high,,,,
D0527,Josiah Thedford & Sons,United States,,,,,,,,,,,,high,,,,
D0528,Journeyman Distillery,United States,,,,,,,,,,,,high,,,,
D0529,Kaerilis,France,,,,,,,,,,,,high,,,,
D0530,Kagoshima,Japan,,,,,,,,,,,,high,,https://www.whisky.com/whisky-database/distilleries/details/kagoshima.html,,
D0531,Kalkwijck Distillers,Netherlands,,,,,,,,,,,,high,,,,
D0532,Kampen Destillateurs,Netherlands,,,,,,,,,,,,high,,,,
D0533,Kauzen Bräu,Germany,,,,,,,,,,,,high,,https://www.whisky.com/whisky-database/distilleries/details/kauzen-braeu.html,,4.0
D0534,Kawasaki,Japan,,,,,,,,,,,,high,,,,
D0535,Kellerstrass Distillery,United States,,,,,,,,,,,,high,,,,
D0536,Kentucky Artisan Distillery,United States,,,,,,,,,,,,high,,,,
D0537,Kentucky Bourbon Distillers,United States,,,,,,,,,,,,high,,,,
D0538,Kentucky Peerless Distilling Co.,United States,,,,,,,,,,,,high,,,,
D0539,Kgb Spirits,United States,,,,,,,,,,,,high,,,,
D0540,Khoday India Ltd.,India,,,,,,,,,,,,high,,,,
D0541,Kings County Distillery,United States,,,,,,,,,,,,high,,,,
D0542,Kinsip,Canada,,,,,,,,,,,,high,,,,
D0543,Kinzigbrennerei,Germany,,,,,,,,,,,,high,,,,
D0544,Kiwi Spirit Distillery Ltd.,New Zealand,,,,,,,,,,,,high,,,,
D0545,Klein Duimpje,Netherlands,,,,,,,,,,,,high,,,,
D0546,Kleinbrennerei Fitzke,Germany,,,,,,,,,,,,high,,,,
D0547,Kloster Zinna,Germany,,,,,,,,,,,,high,,,,
D0548,Klosterdistille Machern,Germany,,,,,,,,,,,,high,,,,
D0549,Ko Distilling,United States,,,,,,,,,,,,high,,,,
D0550,Koenig Distillery And Winery,United States,,,,,,,,,,,,high,,,,
D0551,Kohler Hofladen,Germany,,,,,,,,,,,,high,,,,
D0552,Köppel Brennerei,Germany,,,,,,,,,,,,high,,,,
D0553,Kord Distillery,Czech Republic,,,,,,,,,,,,high,,,,
D0554,Kornbrennerei Gerhard Wagner,Germany,,,,,,,,,,,,high,,,,
D0555,Kornbrennerei J.J. Kemper,Germany,,,,,,,,,,,,high,,,,
D0556,Kozuba & Sons Distillery,United States,,,,,,,,,,,,high,,,,
D0557,Kuenz Naturbrennerei,Austria,,,,,,,,,,,,high,,,,
D0558,Kümin Weinbau,Switzerland,,,,,,,,,,,,high,,,,
D0559,Kymsee Whisky,Germany,,,,,,,,,,,,high,,,,
D0560,Kyrö Distillery Company,Finland,,,,,,,,,,,,high,,,,
D0561,La Alazana,Argentina,,,,,,,,,,,,high,,https://www.whisky.com/whisky-database/distilleries/details/la-alazana.html,,
D0562,Lagler,Austria,,,,,,,,,,,,high,,,,
D0563,Lahnsteiner Brauerei,Germany,,,,,,,,,,,,high,,,,
D0564,Lake George Distilling Co.,United States,,,,,,,,,,,,high,,,,
D0565,Lambay Irish Whiskey Company,Ireland,,,,,,,,,,,,high,,,,
D0566,Landbrennerei Mühlhäuser,Germany,,,,,,,,,,,,high,,,,
D0567,Langatun,Switzerland,,,,,,,,,,,,high,,https://www.whisky.com/whisky-database/distilleries/details/langatun.html,,133.0
D0568,Lark Distillery,Australia,,,,,,,,,,,,high,,,,
D0569,Las Vegas Distillery,United States,,,,,,,,,,,,high,,,,
D0570,Lava Bräu Braumanufaktur,Austria,,,,,,,,,,,,high,,,,
D0571,Lawrenceburg Distillery,United States,,,,,,,,,,,,high,,,,
D0572,Laws Whiskey House,United States,,,,,,,,,,,,high,,,,
D0573,Lb Distillers,Canada,,,,,,,,,,,,high,,,,
D0574,Lebe & Geniesse - Langenrohr,Austria,,,,,,,,,,,,high,,,,
D0575,Lechtaler Haussegen,Austria,,,,,,,,,,,,high,,,,
D0576,Leopold Bros,United States,,,,,,,,,,,,high,,,,
D0577,Lexington Brewing And Distilling Co.,United States,,,,,,,,,,,,high,,,,
D0578,Liber,Spain,,,,,,,,,,,,high,,https://www.whisky.com/whisky-database/distilleries/details/liber.html,,5.0
D0579,Liberty Call Distillery,United States,,,,,,,,,,,,high,,,,
D0580,Likörfabrik Mikolasch,Austria,,,,,,,,,,,,high,,,,
D0581,Limeburners,Australia,,,,,,,,,,,,high,,,,
D0582,Limestone Branch Distillery,United States,,,,,,,,,,,,high,,,,
D0583,Litchfield Distillery,United States,,,,,,,,,,,,high,,,,
D0584,Lo Artisan Distillery,United States,,,,,,,,,,,,high,,,,
D0585,Lobangernich,Germany,,,,,,,,,,,,high,,,,
D0586,London Distillers (K) Ltd.,Kenya,,,,,,,,,,,,high,,,,
D0587,Lone Wolf,Scotland,,,,,,,,,,,,high,,,,
D0588,Long Island Spirits,United States,,,,,,,,,,,,high,,,,
D0589,Longhorn Distillery,Germany,,,,,,,,,,,,high,,,,
D0590,Los 2 Compadres,Mexico,,,,,,,,,,,,high,,,,
D0591,Lost Spirits Distillery,United States,,,,,,,,,,,,high,,,,
D0592,Louisville Distilling Co Llc,United States,,,,,,,,,,,,high,,,,
D0593,Ludlow Whisky Co.,United Kingdom,,,,,,,,,,,,high,,,,
D0594,Lüthy,Switzerland,,,,,,,,,,,,high,,,,
D0595,Luxco,United States,,,,,,,,,,,,high,,,,
D0596,Lynchburg Distillery,United States,,,,,,,,,,,,high,,,,
D0597,Macardo,Switzerland,,,,,,,,,,,,high,,,,
D0598,Mad River Distillers,United States,,,,,,,,,,,,high,,,,
D0599,Mahrs Bräu,Germany,,,,,,,,,,,,high,,,,
D0600,Maiden Derry Distillery,Ireland,,,,,,,,,,,,high,,,,
D0601,Maison Du Vigneron,France,,,,,,,,,,,,high,,,,
D0602,"Maker'S Mark Distillery, Inc.",United States,,,,,,,,,,,,high,,,,
D0603,Malibreiz,France,,,,,,,,,,,,high,,,,
D0604,Manly Spirits Co. Distillery,Australia,,,,,,,,,,,,high,,,,
D0605,Marder Distillery,Germany,,,,,,,,,,,,high,,,,
D0606,Marillenhof - Destillerie - Kausl,Austria,,,,,,,,,,,,high,,,,
D0607,Märkische Spezialitätenbrennerei Kg,Germany,,,,,,,,,,,,high,,https://www.whisky.com/whisky-database/distilleries/details/maerkische-spezialitaetenbrennerei.html,,7.0
D0608,Marrowbone Lane,Ireland,,,,,,,,,,,,high,,,,
D0609,Matsui Shuzo,Japan,,,,,,,,,,,,high,,,,
D0610,Mb Roland Distillery,United States,,,,,,,,,,,,high,,,,
D0611,Mccormick Distilling Co.,United States,,,,,,,,,,,,high,,,,
D0612,Mcdowell'S,India,,,,,,,,,,,,high,,,,
D0613,Mchenry Distillery,Australia,,,,,,,,,,,,high,,,,
D0614,Meissener Spezialitätenbrennerei,Germany,,,,,,,,,,,,high,,https://www.whisky.com/whisky-database/distilleries/details/meissener-spezialitaetenbrennerei.html,,3.0
D0615,Mellwood Distillery,United States,,,,,,,,,,,,high,,,,
D0616,Mgp,United States,,,,,,,,,,,,high,,,,
D0617,Michelehof,Austria,,,,,,,,,,,,high,,,,
D0618,Middle West Spirits,United States,,,,,,,,,,,,high,,,,
D0619,Midleton (1975-),Ireland,,,,,,,,,,,,high,,,,
D0620,Mile High Spirits,United States,,,,,,,,,,,,high,,,,
D0621,Minhas Distillery,United States,,,,,,,,,,,,high,,,,
D0622,Mississippi River Distilling Company,United States,,,,,,,,,,,,high,,,,
D0623,Missouri Spirits,United States,,,,,,,,,,,,high,,,,
D0624,Miyagikyo,Japan,,,,,,,,,,,,high,,,,
D0625,Miyashita Sake Brewery,Japan,,,,,,,,,,,,high,,,,
D0626,Monde Shuzou,Japan,,,,,,,,,,,,high,,https://www.whisky.com/whisky-database/distilleries/details/monde-shuzo.html,,3.0
D0627,Monkey Hollow Distillery,United States,,,,,,,,,,,,high,,,,
D0628,Moon Harbour,France,,,,,,,,,,,,high,,,,
D0629,Mosgaard Whisky,Denmark,,,,,,,,,,,,high,,,,
D0630,Mosswood Distillers,United States,,,,,,,,,,,,high,,,,
D0631,Mosterei & Brennerei Kobelt,Switzerland,,,,,,,,,,,,high,,,,
D0632,Mountain Laurel Spirits,United States,,,,,,,,,,,,high,,,,
D0633,Murree Brewery,Pakistan,,,,,,,,,,,,high,,,,
D0634,Myer Farm Distillers,United States,,,,,,,,,,,,high,,,,
D0635,Myken Destilleri,Norway,,,,,,,,,,,,high,,,,
D0636,Mykulynetsky Brovar,Ukraine,,,,,,,,,,,,high,,,,
D0637,Nagahama,Japan,,,,,,,,,,,,high,,https://www.whisky.com/whisky-database/distilleries/details/nagahama.html,,3.0
D0638,Nahmias Et Fils,United States,,,,,,,,,,,,high,,,,
D0639,Nant Distillery,Australia,,,,,,,,,,,,high,,,,
D0640,Nelson'S Green Brier Distillery,United States,,,,,,,,,,,,high,,,,
D0641,Nephin Whiskey Distillery,Ireland,,,,,,,,,,,,high,,,,
D0642,Nestville Distillery,Slovakia,,,,,,,,,,,,high,,,,
D0643,New Deal Distillery,United States,,,,,,,,,,,,high,,,,
D0644,New England Distilling,United States,,,,,,,,,,,,high,,,,
D0645,New Holland Brewing,United States,,,,,,,,,,,,high,,,,
D0646,New Riff Distilling,United States,,,,,,,,,,,,high,,,,
D0647,New World Whisky Distillery,Australia,,,,,,,,,,,,high,,,,
D0648,New York Distilling Company,United States,,,,,,,,,,,,high,,,,
D0649,Nicolai & Sohn,Germany,,,,,,,,,,,,high,,,,
D0650,Niederrhein Destille,Germany,,,,,,,,,,,,high,,,,
D0651,Ninkasi,France,,,,,,,,,,,,high,,,,
D0652,Nishinomiya,Japan,,,,,,,,,,,,high,,,,
D0653,Nordik Edelbrennerei & Spirituosenmanufaktur,Germany,,,,,,,,,,,,high,,,,
D0654,Nordisk Brænderi,Denmark,,,,,,,,,,,,high,,,,
D0655,Nordmarkens Destilleri Ab,Sweden,,,,,,,,,,,,high,,,,
D0656,Norrtelje Brenneri,Sweden,,,,,,,,,,,,high,,,,
D0657,North Of 7 Distillery,Canada,,,,,,,,,,,,high,,,,
D0658,North Shore Distillery,United States,,,,,,,,,,,,high,,,,
D0659,Northmaen,France,,,,,,,,,,,,high,,,,
D0660,Number Nine Spirituosenmanufaktur Gmbh,Germany,,,,,,,,,,,,high,,,,
D0661,Nun'S Island Distillery,Ireland,,,,,,,,,,,,high,,,,
D0662,Nyborg Distillery,Denmark,,,,,,,,,,,,high,,,,
D0663,O.F.C.- Stagg Distillery,United States,,,,,,,,,,,,high,,,,
D0664,O.Z.Tyler Distillery,United States,,,,,,,,,,,,high,,,,
D0665,Obst-Korn Brennerei Zaiser,Germany,,,,,,,,,,,,high,,,,
D0666,Odd Society,Canada,,,,,,,,,,,,high,,,,
D0667,Off The Clock Spirits,United States,,,,,,,,,,,,high,,,,
D0668,Old Comber,Ireland,,,,,,,,,,,,high,,https://www.whisky.com/whisky-database/distilleries/details/old-comber.html,,
D0669,Old Crow Distillery,United States,,,,,,,,,,,,high,,,,
D0670,Old Dominick Distillery,United States,,,,,,,,,,,,high,,,,
D0671,Old Forge Distillery,United States,,,,,,,,,,,,high,,,,
D0672,Old Gamundia Whisky,Germany,,,,,,,,,,,,high,,,,
D0673,Old Hobart Distillery,Australia,,,,,,,,,,,,high,,,,
D0674,Old Midleton (1825-1975),Ireland,,,,,,,,,,,,high,,,,
D0675,Old Nick Williams Co.,United States,,,,,,,,,,,,high,,,,
D0676,Old Pogue,United States,,,,,,,,,,,,high,,,,
D0677,Old Raven,Austria,,,,,,,,,,,,high,,,,
D0678,Old Sandhill,Germany,,,,,,,,,,,,high,,,,
D0679,Old School Brewery,United Kingdom,,,,,,,,,,,,high,,,,
D0680,Old Sugar Distillery,United States,,,,,,,,,,,,high,,,,
D0681,Old Tahoe Distillery,United States,,,,,,,,,,,,high,,,,
D0682,Old World Spirits,United States,,,,,,,,,,,,high,,,,
D0683,Ole Smoky Distillery,United States,,,,,,,,,,,,high,,,,
D0684,Oola Distillery,United States,,,,,,,,,,,,high,,,,
D0685,Oppidan Spirits,United States,,,,,,,,,,,,high,,,,
D0686,Oregon Spirit Distillers,United States,,,,,,,,,,,,high,,,,
D0687,Öufi-Brauerei,Switzerland,,,,,,,,,,,,high,,https://www.whisky.com/whisky-database/distilleries/details/oeufi-brauerei.html,,
D0688,Ozark Distillery,United States,,,,,,,,,,,,high,,,,
D0689,Palais Benedictine,France,,,,,,,,,,,,high,,,,
D0690,Palmetto Distillery,United States,,,,,,,,,,,,high,,,,
D0691,Panimoravintola Beer Hunter'S,Finland,,,,,,,,,,,,high,,,,
D0692,Panimoravintola Koulu,Finland,,,,,,,,,,,,high,,,,
D0693,Panther Distillery,United States,,,,,,,,,,,,high,,,,
D0694,Parliament Distillery,United States,,,,,,,,,,,,high,,,,
D0695,Patrick Breindl,Switzerland,,,,,,,,,,,,high,,,,
D0696,Peach Street Distillers,United States,,,,,,,,,,,,high,,,,
D0697,Pearse Lyons Distillery,Ireland,,,,,,,,,,,,high,,,,
D0698,Peloni,Italy,,,,,,,,,,,,high,,,,
D0699,Pelter Distillery,Israel,,,,,,,,,,,,high,,,,
D0700,Pemberton Distillery,Canada,,,,,,,,,,,,high,,,,
D0701,Persse'S Galway Whiskey Ltd.,Ireland,,,,,,,,,,,,high,,,,
D0702,Peter Affenzeller,Austria,,,,,,,,,,,,high,,,,
D0703,Pfanner,Austria,,,,,,,,,,,,high,,https://www.whisky.com/whisky-database/distilleries/details/pfanner.html,,9.0
D0704,Pfau Brennerei,Austria,,,,,,,,,,,,high,,,,
D0705,Philadelphia Distilling,United States,,,,,,,,,,,,high,,,,
D0706,Piedmont Distillers,United States,,,,,,,,,,,,high,,,,
D0707,Pittsburgh Distilling Company,United States,,,,,,,,,,,,high,,,,
D0708,Popcorn Sutton Distillery,United States,,,,,,,,,,,,high,,,,
D0709,Port Chilkoot Distillery,United States,,,,,,,,,,,,high,,,,
D0710,Pradlo Distillery,Czech Republic,,,,,,,,,,,,high,,,,
D0711,Praskoveya Winery,Russian Federation,,,,,,,,,,,,high,,,,
D0712,Preussische Whisky Destillerie,Germany,,,,,,,,,,,,high,,https://www.whisky.com/whisky-database/distilleries/details/preussische-whisky-destillerie.html,,21.0
D0713,Prichard'S,United States,,,,,,,,,,,,high,,,,
D0714,Prince Edward Distillery,Canada,,,,,,,,,,,,high,,,,
D0715,Privatbrauerei Friedrich Düll,Germany,,,,,,,,,,,,high,,,,
D0716,Puni,Italy,,,,,,,,,,,,high,,https://www.whisky.com/whisky-database/distilleries/details/puni.html,,46.0
D0717,R. Jelínek,Czech Republic,,,,,,,,,,,,high,,,,
D0718,Rabbit Hole Distilling,United States,,,,,,,,,,,,high,,,,
D0719,Rabel,Germany,,,,,,,,,,,,high,,,,
D0720,Radermacher,Belgium,,,,,,,,,,,,high,,,,
D0721,Radico Khaitan Ltd,India,,,,,,,,,,,,high,,,,
D0722,Railean Distillers,United States,,,,,,,,,,,,high,,,,
D0723,Ranger Creek,United States,,,,,,,,,,,,high,,,,
D0724,Ransom,United States,,,,,,,,,,,,high,,,,
D0725,Re:Find,United States,,,,,,,,,,,,high,,,,
D0726,Rebecca Creek Distillery,United States,,,,,,,,,,,,high,,,,
D0727,Reece'S Distilled Spirits Llc,United States,,,,,,,,,,,,high,,,,
D0728,Reisetbauer,Austria,,,,,,,,,,,,high,,https://www.whisky.com/whisky-database/distilleries/details/reisetbauer.html,,8.0
D0729,Reservoir Distillery,United States,,,,,,,,,,,,high,,,,
D0730,Rich Grain Distilling Co.,United States,,,,,,,,,,,,high,,,,
D0731,Rig Hand Distillery,Canada,,,,,,,,,,,,high,,,,
D0732,Rittmeister Destille,Germany,,,,,,,,,,,,high,,,,
D0733,Robert Meisner Gmbh & Co. Kg,Germany,,,,,,,,,,,,high,,,,
D0734,Rock Town,United States,,,,,,,,,,,,high,,,,
D0735,Rogue Spirits,United States,,,,,,,,,,,,high,,,,
D0736,Rose Valley Feinbrand Manufaktur Brabant,Germany,,,,,,,,,,,,high,,,,
D0737,Rosenbrennerei Einbach,Germany,,,,,,,,,,,,high,,,,
D0738,Rothaus,Germany,,,,,,,,,,,,high,,https://www.whisky.com/whisky-database/distilleries/details/rothaus.html,,49.0
D0739,Roughstock,United States,,,,,,,,,,,,high,,,,
D0740,Royal Brewhouse,Indonesia,,,,,,,,,,,,high,,,,
D0741,Rugenbräu,Switzerland,,,,,,,,,,,,high,,https://www.whisky.com/whisky-database/distilleries/details/rugenbraeu.html,,40.0
D0742,Ryan & Wood Distilleries,United States,,,,,,,,,,,,high,,,,
D0743,Sächsische Spirituosenmanufaktur,Germany,,,,,,,,,,,,high,,https://www.whisky.com/whisky-database/distilleries/details/saechsische-spirituosenmanufaktur.html,,15.0
D0744,Sacred Spirits,United Kingdom,,,,,,,,,,,,high,,,,
D0745,Sagamore Spirit Distillery,United States,,,,,,,,,,,,high,,,,
D0746,Saint James Spirits,United States,,,,,,,,,,,,high,,,,
D0747,Sakurao,Japan,,,,,,,,,,,,high,,https://www.whisky.com/whisky-database/distilleries/details/sakurao.html,,17.0
D0748,Salm Bräu,Austria,,,,,,,,,,,,high,,,,
D0749,Sammerhof,Austria,,,,,,,,,,,,high,,,,
D0750,Samuel Smith & Son,Australia,,,,,,,,,,,,high,,,,
D0751,San Diego Distillery,United States,,,,,,,,,,,,high,,,,
D0752,Santa Fe Spirits,United States,,,,,,,,,,,,high,,,,
D0753,Säntisblick Destillerie Ltd.,Switzerland,,,,,,,,,,,,high,,,,
D0754,Sasanokawa Shuzo,Japan,,,,,,,,,,,,high,,https://www.whisky.com/whisky-database/distilleries/details/sasanokawa-shuzo.html,,8.0
D0755,Sauerländer Edelbrand Gmbh,Germany,,,,,,,,,,,,high,,,,
D0756,Savage & Cooke,United States,,,,,,,,,,,,high,,,,
D0757,Schäffler Bräu,Germany,,,,,,,,,,,,high,,,,
D0758,Schlitzer Korn- & Edelobstbrennerei Gmbh,Germany,,,,,,,,,,,,high,,,,
D0759,Schloss Marienburg - Spirituosenwerke - Heinrich Nagel Kg,Germany,,,,,,,,,,,,high,,,,
D0760,Schlossbrauerei Autenried Gmbh,Germany,,,,,,,,,,,,high,,,,
D0761,Schwane Destillerie,Germany,,,,,,,,,,,,high,,,,
D0762,Scissortail Distillery,United States,,,,,,,,,,,,high,,,,
D0763,Scriptor Brennerei,Germany,,,,,,,,,,,,high,,,,
D0764,Seattle Distilling,United States,,,,,,,,,,,,high,,,,
D0765,Second Chance Spirits,United States,,,,,,,,,,,,high,,,,
D0766,Sempione Distillery,Switzerland,,,,,,,,,,,,high,,,,
D0767,Seppelbauer,Austria,,,,,,,,,,,,high,,,,
D0768,Seven Brothers,United States,,,,,,,,,,,,high,,,,
D0769,Shelter Distilling,United States,,,,,,,,,,,,high,,,,
D0770,Shinshu Mars,Japan,,,,,,,,,,,,high,,https://www.whisky.com/whisky-database/distilleries/details/shinshu-mars-1.html,,45.0
D0771,Shirakawa,Japan,,,,,,,,,,,,high,,,,
D0772,Shizuoka Distillery,Japan,,,,,,,,,,,,high,,,,
D0773,Short Mountain Distillery,United States,,,,,,,,,,,,high,,,,
D0774,Sibling Distillery,United Kingdom,,,,,,,,,,,,high,,,,
D0775,Sikkim,India,,,,,,,,,,,,high,,https://www.whisky.com/whisky-database/distilleries/details/sikkim.html,,4.0
D0776,Silver Trail Distillery,United States,,,,,,,,,,,,high,,,,
D0777,Sinnesfreuden Neber-Hagemann,Austria,,,,,,,,,,,,high,,,,
D0778,Six & Twenty Distillery,United States,,,,,,,,,,,,high,,,,
D0779,Skip Rock Distillers,United States,,,,,,,,,,,,high,,,,
D0780,Slane,Ireland,,,,,,,,,,,,high,,https://www.whisky.com/whisky-database/distilleries/details/slane.html,,3.0
D0781,Sliabh Liag Distillery,Ireland,,,,,,,,,,,,high,,,,
D0782,Slyrs,Germany,,,,,,,,,,,,high,,https://www.whisky.com/whisky-database/distilleries/details/slyrs.html,,191.0
D0783,Small-Brook,Luxembourg,,,,,,,,,,,,high,,,,
D0784,Smooth Ambler Spirits,United States,,,,,,,,,,,,high,,,,
D0785,Smugglers' Notch Distillery,United States,,,,,,,,,,,,high,,,,
D0786,Sonnenbräu,Switzerland,,,,,,,,,,,,high,,,,
D0787,Sonnenscheiner,Germany,,,,,,,,,,,,high,,,,
D0788,Sonoma County Distilling Co.,United States,,,,,,,,,,,,high,,,,
D0789,Sons Of Liberty,United States,,,,,,,,,,,,high,,,,
D0790,Southern Artisan Spirits,United States,,,,,,,,,,,,high,,,,
D0791,Southern Coast Distillers,Australia,,,,,,,,,,,,high,,,,
D0792,Southern Distilleries Ltd.,New Zealand,,,,,,,,,,,,high,,,,
D0793,Southern Distilling Company,United States,,,,,,,,,,,,high,,,,
D0794,Southern Grace Distilleries,United States,,,,,,,,,,,,high,,,,
D0795,Southern Grain Spirits,New Zealand,,,,,,,,,,,,high,,,,
D0796,Southern Tier Distilling Co.,United States,,,,,,,,,,,,high,,,,
D0797,Sperbers Destillerie,Germany,,,,,,,,,,,,high,,,,
D0798,Sperling Silver Distillery,Canada,,,,,,,,,,,,high,,,,
D0799,Spezialitätenbrauerei Eckart,Germany,,,,,,,,,,,,high,,,,
D0800,Spezialitätenbrennerei Assulzerhof,Germany,,,,,,,,,,,,high,,,,
D0801,Spezialitätenbrennerei Weidhof,Switzerland,,,,,,,,,,,,high,,,,
D0802,Spirit Hound Distillers,United States,,,,,,,,,,,,high,,,,
D0803,Spirit Of Yorkshire Distillery,United Kingdom,,,,,,,,,,,,high,,,,
D0804,Spirit Works Distillery,United States,,,,,,,,,,,,high,,,,
D0805,Split Rock Distillery,United States,,,,,,,,,,,,high,,,,
D0806,Spreewald Brennerei,Germany,,,,,,,,,,,,high,,,,
D0807,Spreewood Distillers,Germany,,,,,,,,,,,,high,,,,
D0808,Square One,United States,,,,,,,,,,,,high,,,,
D0809,St. Augustine Distillery,United States,,,,,,,,,,,,high,,,,
D0810,St. George Spirits,United States,,,,,,,,,,,,high,,,,
D0811,St. Kilian Distillers,Germany,,,,,,,,,,,,high,,,,
D0812,St. Patrick'S Distillery,Ireland,,,,,,,,,,,,high,,,,
D0813,St. Petersburg Distillery,United States,,,,,,,,,,,,high,,,,
D0814,Stadler,Germany,,,,,,,,,,,,high,,,,
D0815,Stadsbrouwerij De Hemel,Netherlands,,,,,,,,,,,,high,,,,
D0816,Stammheimer,Switzerland,,,,,,,,,,,,high,,,,
D0817,Standard Wormwood Distillery,United States,,,,,,,,,,,,high,,,,
D0818,Stark Spirits Distillery,United States,,,,,,,,,,,,high,,,,
D0819,Starkenberg,Austria,,,,,,,,,,,,high,,,,
D0820,Starlight Distillery,United States,,,,,,,,,,,,high,,,,
D0821,Stauning,Denmark,,,,,,,,,,,,high,,https://www.whisky.com/whisky-database/distilleries/details/stauning.html,,100.0
D0822,Steam Exchange Brewery,Australia,,,,,,,,,,,,high,,,,
D0823,Steigmiller-Lutz,Germany,,,,,,,,,,,,high,,,,
D0824,Stein Distillery Inc.,United States,,,,,,,,,,,,high,,,,
D0825,Steinhauser,Germany,,,,,,,,,,,,high,,,,
D0826,Steinwälder Hausbrennerei Schraml,Germany,,,,,,,,,,,,high,,,,
D0827,Still Waters Distillery,Canada,,,,,,,,,,,,high,,,,
D0828,Stilltheone,United States,,,,,,,,,,,,high,,,,
D0829,Stillwater Spirits / Moylan'S Distilling Co.,United States,,,,,,,,,,,,high,,,,
D0830,Stitzel-Weller,United States,,,,,,,,,,,,high,,,,
D0831,Stoaninger,Austria,,,,,,,,,,,,high,,,,
D0832,Stock Plzeň,Czech Republic,,,,,,,,,,,,high,,,,
D0833,Stöfflbräu,Austria,,,,,,,,,,,,high,,,,
D0834,Stokerij De Molenberg,Belgium,,,,,,,,,,,,high,,https://www.whisky.com/whisky-database/distilleries/details/stokerij-de-molenberg.html,,7.0
D0835,Stokerij De Onrust,Netherlands,,,,,,,,,,,,high,,,,
D0836,Stokerij Erve Sculte,Netherlands,,,,,,,,,,,,high,,,,
D0837,Stokerij Hondsrug,Netherlands,,,,,,,,,,,,high,,,,
D0838,Stone Barn Brandyworks,United States,,,,,,,,,,,,high,,,,
D0839,Stonecutter Spirits,United States,,,,,,,,,,,,high,,,,
D0840,Stratheden,Scotland,,,,,,,,,,,,high,,,,
D0841,Strong Spirits,United States,,,,,,,,,,,,high,,,,
D0842,Sugarlands Distilling Co.,United States,,,,,,,,,,,,high,,,,
D0843,Surselva Bräu,Switzerland,,,,,,,,,,,,high,,,,
D0844,Sweet Potato Spirits,United States,,,,,,,,,,,,high,,,,
D0845,Swhisky,Switzerland,,,,,,,,,,,,high,,,,
D0846,Taconic Distillery,United States,,,,,,,,,,,,high,,,,
D0847,Tahoe Moonshine Distillery,United States,,,,,,,,,,,,high,,,,
D0848,"Tanduay Distillers, Inc.",Philippines,,,,,,,,,,,,high,,,,
D0849,Tatoosh,United States,,,,,,,,,,,,high,,,,
D0850,Tattersall Distilling,United States,,,,,,,,,,,,high,,,,
D0851,Tawny Corn,Switzerland,,,,,,,,,,,,high,,,,
D0852,Teeling Whiskey Distillery,Ireland,,,,,,,,,,,,high,,,,
D0853,Tekel,Turkey,,,,,,,,,,,,high,,,,
D0854,Telser Distillery,Liechtenstein,,,,,,,,,,,,high,,,,
D0855,Temperance Distilling,United States,,,,,,,,,,,,high,,,,
D0856,Terreni Alla Maggia,Switzerland,,,,,,,,,,,,high,,,,
D0857,Tesetice Distillery,Czech Republic,,,,,,,,,,,,high,,,,
D0858,Tevsjö Destilleri,Sweden,,,,,,,,,,,,high,,,,
D0859,The Belgian Owl,Belgium,,,,,,,,,,,,high,,,,
D0860,The Cooper Spirits Co.,United States,,,,,,,,,,,,high,,,,
D0861,The Dingle Whiskey Distillery,Ireland,,,,,,,,,,,,high,,,,
D0862,The Dublin Liberties Distillery,Ireland,,,,,,,,,,,,high,,,,
D0863,The Fat Pig Distillery,United Kingdom,,,,,,,,,,,,high,,,,
D0864,The Golan Heights Distillery,Israel,,,,,,,,,,,,high,,,,
D0865,The Grove Experience,Australia,,,,,,,,,,,,high,,,,
D0866,The Helsinki Distilling Co.,Finland,,,,,,,,,,,,high,,,,
D0867,The Lakes Distillery,United Kingdom,,,,,,,,,,,,high,,,,
D0868,The Liberty Distillery,Canada,,,,,,,,,,,,high,,,,
D0869,The London Distillery Company,United Kingdom,,,,,,,,,,,,high,,,,
D0870,The Lübbehusen Malt Distillery,Germany,,,,,,,,,,,,high,,,,
D0871,The Milk & Honey Distillery,Israel,,,,,,,,,,,,high,,,,
D0872,The Original Texas Legend Distillery,United States,,,,,,,,,,,,high,,,,
D0873,The Oxford Artisan Distillery,United Kingdom,,,,,,,,,,,,high,,,,
D0874,The Quiet Man Irish Whiskey Co. Ltd.,Ireland,,,,,,,,,,,,high,,,,
D0875,The Splinter Group Spirits,United States,,,,,,,,,,,,high,,,,
D0876,The Vogel,Germany,,,,,,,,,,,,high,,,,
D0877,The Waters Distillery,Germany,,,,,,,,,,,,high,,,,
D0878,The Westfalian,Germany,,,,,,,,,,,,high,,,,
D0879,Thirteenth Colony Distilleries,United States,,,,,,,,,,,,high,,,,
D0880,Thomas Sippel,Germany,,,,,,,,,,,,high,,https://www.whisky.com/whisky-database/distilleries/details/thomas-sippel.html,,5.0
D0881,Thomas Street (George Roe) Distillery,Ireland,,,,,,,,,,,,high,,,,
D0882,Thomas Wilhelm,Germany,,,,,,,,,,,,high,,,,
D0883,Thomson Whisky New Zealand Ltd,New Zealand,,,,,,,,,,,,high,,,,
D0884,Thoran Distillery Ehf,Iceland,,,,,,,,,,,,high,,,,
D0885,"Three Boys Farm Distillery / Whiskey Thief Distilling Company, Inc.",United States,,,,,,,,,,,,high,,,,
D0886,Thuisbrunner Elch-Bräu,Germany,,,,,,,,,,,,high,,,,
D0887,Thumb Butte Distillery,United States,,,,,,,,,,,,high,,,,
D0888,Thunder Road Distillery,United States,,,,,,,,,,,,high,,,,
D0889,Tiger Juice Distillery,United States,,,,,,,,,,,,high,,,,
D0890,Timboon Railway Shed Distillery,Australia,,,,,,,,,,,,high,,,,
D0891,Tin Shed Distilling Co.,Australia,,,,,,,,,,,,high,,,,
D0892,Tipperary Boutique Distillery,Ireland,,,,,,,,,,,,high,,https://www.whisky.com/whisky-database/distilleries/details/tipperary-boutique-distillery.html,,14.0
D0893,Tirado Distillery,United States,,,,,,,,,,,,high,,,,
D0894,To Tårn Bryggeri As,Norway,,,,,,,,,,,,high,,,,
D0895,Tobias Schmid & Sohn,Switzerland,,,,,,,,,,,,high,,,,
D0896,Tom'S Foolery Distillery,United States,,,,,,,,,,,,high,,,,
D0897,Top Of The Hill Distillery,United States,,,,,,,,,,,,high,,,,
D0898,Toronto Distillery Co.,Canada,,,,,,,,,,,,high,,,,
D0899,Tovuz-Baltiya,Azerbaijan,,,,,,,,,,,,high,,,,
D0900,Towcester Mill Brewery Ltd,United Kingdom,,,,,,,,,,,,high,,,,
D0901,Trail Town Still,United States,,,,,,,,,,,,high,,,,
D0902,Traverse City Whiskey Co.,United States,,,,,,,,,,,,high,,,,
D0903,Trebitsch Old Town Distillery,Czech Republic,,,,,,,,,,,,high,,,,
D0904,Triple Eight Distillery,United States,,,,,,,,,,,,high,,,,
D0905,Trolden Distillery,Denmark,,,,,,,,,,,,high,,,,
D0906,Tsunuki,Japan,,,,,,,,,,,,high,,,,
D0907,Tullamore Dew (1829 - 1954),Ireland,,,,,,,,,,,,high,,,,
D0908,Tullamore Dew (2014 - Present),Ireland,,,,,,,,,,,,high,,,,
D0909,Turv Exloo Distillery,Netherlands,,,,,,,,,,,,high,,,,
D0910,Tuthilltown Spirits,United States,,,,,,,,,,,,high,,,,
D0911,Twin Stills Moonshine Distillery,United States,,,,,,,,,,,,high,,,,
D0912,Twin Valley Distillers,United States,,,,,,,,,,,,high,,,,
D0913,Two Doves Destilerija,Serbia And Montenegro,,,,,,,,,,,,high,,,,
D0914,Two James Spirits,United States,,,,,,,,,,,,high,,,,
D0915,Uerige,Germany,,,,,,,,,,,,high,,,,
D0916,Union Distillery Maltwhisky Do Brasil,Brazil,,,,,,,,,,,,high,,,,
D0917,Union Horse Distilling Co.,United States,,,,,,,,,,,,high,,,,
D0918,United Distillery Group,Egypt,,,,,,,,,,,,high,,,,
D0919,Urban Distilleries,Canada,,,,,,,,,,,,high,,,,
D0920,Us Heit Distillery,Netherlands,,,,,,,,,,,,high,,,,
D0921,Valamo Monastery Distillery,Finland,,,,,,,,,,,,high,,,,
D0922,Valentine Distilling,United States,,,,,,,,,,,,high,,,,
D0923,Vallei Distilleerderij,Netherlands,,,,,,,,,,,,high,,,,
D0924,Van Brunt Stillhouse,United States,,,,,,,,,,,,high,,,,
D0925,Van Kleef,Netherlands,,,,,,,,,,,,high,,,,
D0926,Venus Spirits,United States,,,,,,,,,,,,high,,,,
D0927,Victoria Distillers,Canada,,,,,,,,,,,,high,,,,
D0928,Vielanker Brauhaus,Germany,,,,,,,,,,,,high,,,,
D0929,Viktor Senn,Switzerland,,,,,,,,,,,,high,,,,
D0930,Vingården Lille Gadegård,Denmark,,,,,,,,,,,,high,,,,
D0931,Vinn,United States,,,,,,,,,,,,high,,,,
D0932,Virgil Kaine Lowcountry Whiskey Co.,United States,,,,,,,,,,,,high,,,,
D0933,Virginia Sweetwater Distillery,United States,,,,,,,,,,,,high,,,,
D0934,Wädi-Brau-Huus,Switzerland,,,,,,,,,,,,high,,,,
D0935,Wakatsuru Distillery,Japan,,,,,,,,,,,,high,,,,
D0936,Waldviertler Roggenhof,Austria,,,,,,,,,,,,high,,,,
D0937,Wallner,Austria,,,,,,,,,,,,high,,,,
D0938,Walsh Whiskey Distillery,Ireland,,,,,,,,,,,,high,,,,
D0939,Walter Seeger,Germany,,,,,,,,,,,,high,,,,
D0940,Wannborga Bränneri & Vingård,Sweden,,,,,,,,,,,,high,,,,
D0941,Warenghem,France,,,,,,,,,,,,high,,https://www.whisky.com/whisky-database/distilleries/details/warenghem.html,,67.0
D0942,Waterford,Ireland,,,,,,,,,,,,high,,https://www.whisky.com/whisky-database/distilleries/details/waterford.html,,34.0
D0943,Watershed Distillery,United States,,,,,,,,,,,,high,,,,
D0944,Wayne Gretzky Estate,Canada,,,,,,,,,,,,high,,,,
D0945,Weidenauer,Austria,,,,,,,,,,,,high,,,,
D0946,Weinbau Zur Krone,Switzerland,,,,,,,,,,,,high,,,,
D0947,Weinbrennerei Und Likörfabrik H. A. Wagner,Germany,,,,,,,,,,,,high,,,,
D0948,Weingut Dotzauer,Germany,,,,,,,,,,,,high,,,,
D0949,Weingut Etl,Austria,,,,,,,,,,,,high,,,,
D0950,Weingut Mößlein,Germany,,,,,,,,,,,,high,,,,
D0951,West Cork Distillers,Ireland,,,,,,,,,,,,high,,https://www.whisky.com/whisky-database/distilleries/details/west-cork-distillers.html,,71.0
D0952,"West Virginia Distilling Co., Llc",United States,,,,,,,,,,,,high,,,,
D0953,Western Son Distillery,United States,,,,,,,,,,,,high,,,,
D0954,Western Spirits Beverage Company,United States,,,,,,,,,,,,high,,,,
D0955,Weutz,Austria,,,,,,,,,,,,high,,,,
D0956,Wharf Distillery,United Kingdom,,,,,,,,,,,,high,,,,
D0957,Whipper Snapper Distillery,Australia,,,,,,,,,,,,high,,,,
D0958,Whisky Castle,Switzerland,,,,,,,,,,,,high,,,,
D0959,Whisky Oet Grunn,Netherlands,,,,,,,,,,,,high,,,,
D0960,Whistling Andy,United States,,,,,,,,,,,,high,,,,
D0961,White Peak Distillery,United Kingdom,,,,,,,,,,,,high,,,,
D0962,Whitmeyer'S,United States,,,,,,,,,,,,high,,,,
D0963,Widow Jane Distillery,United States,,,,,,,,,,,,high,,,,
D0964,Wieser,Austria,,,,,,,,,,,,high,,,,
D0965,Wijnhuis Texel,Netherlands,,,,,,,,,,,,high,,,,
D0966,Wilderness Trail Distillery,United States,,,,,,,,,,,,high,,,,
D0967,Willie'S,United States,,,,,,,,,,,,high,,,,
D0968,Willowbank,New Zealand,,,,,,,,,,,,high,,https://www.whisky.com/whisky-database/distilleries/details/new-zealand.html,,37.0
D0969,Willy Macheiner,Austria,,,,,,,,,,,,high,,,,
D0970,Wishkah River Distillery,United States,,,,,,,,,,,,high,,,,
D0971,Witherspoon Distillery,United States,,,,,,,,,,,,high,,,,
D0972,Wood Hat Spirits,United States,,,,,,,,,,,,high,,,,
D0973,Wood’S High Mountain Distillery,United States,,,,,,,,,,,,high,,,,
D0974,Woodinville Whiskey Co.,United States,,,,,,,,,,,,high,,,,
D0975,Woodstone Creek,United States,,,,,,,,,,,,high,,,,
D0976,Workshops Distillery,New Zealand,,,,,,,,,,,,high,,,,
D0977,Wylie Howell Whiskey,United States,,,,,,,,,,,,high,,,,
D0978,Wyoming Whiskey,United States,,,,,,,,,,,,high,,,,
D0979,Yahara Bay Distillers,United States,,,,,,,,,,,,high,,,,
D0980,Yellow Rose Distilling,United States,,,,,,,,,,,,high,,,,
D0981,Yeti Distillery,Nepal,,,,,,,,,,,,high,,,,
D0982,Yoichi,Japan,,,,,,,,,,,,high,,,,
D0983,Yukon Brewing & Distilling,Canada,,,,,,,,,,,,high,,,,
D0984,Z.Kozuba I Synowie,Poland,,,,,,,,,,,,high,,,,
D0985,Z'Graggen,Switzerland,,,,,,,,,,,,high,,,,
D0986,Zauser,Austria,,,,,,,,,,,,high,,,,
D0987,Zeitzer Whisky Manufactur,Germany,,,,,,,,,,,,high,,,,
D0988,Zuidam Distillery,Netherlands,,,,,,,,,,,,high,,,,
D0989,Zur Strandburg,Germany,,,,,,,,,,,,high,,,,
D0990,Zweiger,Austria,,,,,,,,,,,,high,,,,
